2026.04.25 01:05:47 WARN  Using H2 2.4.240 which is newer than the version Flyway has been verified with. The latest verified version of H2 is 2.3.232.
2026.04.25 01:05:47 INFO  no build target found for C:\Users\Jherson Silva\complytools-assistant\backend\complytools-assistant\src\main\java\com\complytools\model\User.java. Using fallback presentation compiler.
2026.04.25 01:05:49 INFO  no build target found for C:\Users\Jherson Silva\complytools-assistant\backend\complytools-assistant\src\main\java\com\complytools\model\User.java. Using fallback presentation compiler.
abr 25, 2026 1:05:49 A. M. org.eclipse.lsp4j.jsonrpc.RemoteEndpoint handleCancellation
WARNING: Unmatched cancel notification for request id 2
2026.04.25 01:05:49 INFO  no build target found for C:\Users\Jherson Silva\complytools-assistant\backend\complytools-assistant\src\main\java\com\complytools\model\User.java. Using fallback presentation compiler.
2026.04.25 01:05:50 WARN  no build tool detected in workspace 'C:\Users\Jherson Silva\complytools-assistant'. The most common cause for this problem is that the editor was opened in the wrong working directory, for example if you use sbt then the workspace directory should contain build.sbt. 
2026.04.25 01:05:49 INFO  no build target found for C:\Users\Jherson Silva\complytools-assistant\backend\complytools-assistant\src\main\java\com\complytools\model\User.java. Using fallback presentation compiler.
2026.04.25 01:05:50 WARN  Build server is not auto-connectable.
2026.04.25 01:05:50 WARN  no build target for: C:\Users\Jherson Silva\complytools-assistant\backend\complytools-assistant\src\main\java\com\complytools\model\User.java
2026.04.25 01:05:51 WARN  Running javac-semanticdb failed for file:///C:/Users/Jherson%20Silva/complytools-assistant/backend/complytools-assistant/src/main/java/com/complytools/model/User.java. Output:

2026.04.25 01:05:51 INFO  no build target found for C:\Users\Jherson Silva\complytools-assistant\backend\complytools-assistant\src\main\java\com\complytools\model\User.java. Using fallback presentation compiler.
abr 25, 2026 1:05:51 A. M. org.eclipse.lsp4j.jsonrpc.RemoteEndpoint handleCancellation
WARNING: Unmatched cancel notification for request id 6
2026.04.25 01:05:51 INFO  no build target found for C:\Users\Jherson Silva\complytools-assistant\backend\complytools-assistant\src\main\java\com\complytools\model\User.java. Using fallback presentation compiler.
2026.04.25 01:05:51 INFO  no build target found for C:\Users\Jherson Silva\complytools-assistant\backend\complytools-assistant\src\main\java\com\complytools\model\User.java. Using fallback presentation compiler.
abr 25, 2026 1:05:51 A. M. org.eclipse.lsp4j.jsonrpc.services.GenericEndpoint notify
INFO: Unsupported notification method: $/setTrace
2026.04.25 01:05:51 INFO  no build target found for C:\Users\Jherson Silva\complytools-assistant\backend\complytools-assistant\src\main\java\com\complytools\model\User.java. Using fallback presentation compiler.
2026.04.25 01:05:59 WARN  no build target for: C:\Users\Jherson Silva\complytools-assistant\backend\complytools-assistant\src\main\java\com\complytools\model\Case.java
2026.04.25 01:05:59 INFO  no build target found for C:\Users\Jherson Silva\complytools-assistant\backend\complytools-assistant\src\main\java\com\complytools\model\Case.java. Using fallback presentation compiler.
2026.04.25 01:05:59 WARN  Running javac-semanticdb failed for file:///C:/Users/Jherson%20Silva/complytools-assistant/backend/complytools-assistant/src/main/java/com/complytools/model/Case.java. Output:

2026.04.25 01:06:05 INFO  no build target found for C:\Users\Jherson Silva\complytools-assistant\backend\complytools-assistant\src\main\java\com\complytools\model\User.java. Using fallback presentation compiler.
2026.04.25 01:06:05 WARN  no build target for: C:\Users\Jherson Silva\complytools-assistant\backend\complytools-assistant\src\main\java\com\complytools\model\User.java
abr 25, 2026 1:06:05 A. M. org.eclipse.lsp4j.jsonrpc.RemoteEndpoint handleCancellation
WARNING: Unmatched cancel notification for request id 22
2026.04.25 01:06:05 INFO  no build target found for C:\Users\Jherson Silva\complytools-assistant\backend\complytools-assistant\src\main\java\com\complytools\model\User.java. Using fallback presentation compiler.
2026.04.25 01:06:05 INFO  no build target found for C:\Users\Jherson Silva\complytools-assistant\backend\complytools-assistant\src\main\java\com\complytools\model\User.java. Using fallback presentation compiler.
abr 25, 2026 1:06:05 A. M. org.eclipse.lsp4j.jsonrpc.RemoteEndpoint handleCancellation
WARNING: Unmatched cancel notification for request id 23
2026.04.25 01:06:05 INFO  no build target found for C:\Users\Jherson Silva\complytools-assistant\backend\complytools-assistant\src\main\java\com\complytools\model\User.java. Using fallback presentation compiler.
2026.04.25 01:06:07 INFO  no build target found for C:\Users\Jherson Silva\complytools-assistant\backend\complytools-assistant\src\main\java\com\complytools\model\User.java. Using fallback presentation compiler.
2026.04.25 01:06:09 WARN  no build target for: C:\Users\Jherson Silva\complytools-assistant\backend\complytools-assistant\src\main\java\com\complytools\model\Case.java
2026.04.25 01:06:09 INFO  no build target found for C:\Users\Jherson Silva\complytools-assistant\backend\complytools-assistant\src\main\java\com\complytools\model\Case.java. Using fallback presentation compiler.
2026.04.25 01:06:09 INFO  no build target found for C:\Users\Jherson Silva\complytools-assistant\backend\complytools-assistant\src\main\java\com\complytools\model\Case.java. Using fallback presentation compiler.
abr 25, 2026 1:06:09 A. M. org.eclipse.lsp4j.jsonrpc.RemoteEndpoint handleCancellation
WARNING: Unmatched cancel notification for request id 34
2026.04.25 01:06:09 INFO  no build target found for C:\Users\Jherson Silva\complytools-assistant\backend\complytools-assistant\src\main\java\com\complytools\model\Case.java. Using fallback presentation compiler.
2026.04.25 01:06:09 INFO  no build target found for C:\Users\Jherson Silva\complytools-assistant\backend\complytools-assistant\src\main\java\com\complytools\model\Case.java. Using fallback presentation compiler.
2026.04.25 01:06:09 INFO  no build target found for C:\Users\Jherson Silva\complytools-assistant\backend\complytools-assistant\src\main\java\com\complytools\model\Case.java. Using fallback presentation compiler.
abr 25, 2026 1:06:10 A. M. org.eclipse.lsp4j.jsonrpc.RemoteEndpoint handleCancellation
WARNING: Unmatched cancel notification for request id 39
abr 25, 2026 1:06:10 A. M. org.eclipse.lsp4j.jsonrpc.RemoteEndpoint handleCancellation
WARNING: Unmatched cancel notification for request id 38
abr 25, 2026 1:06:10 A. M. org.eclipse.lsp4j.jsonrpc.RemoteEndpoint handleCancellation
WARNING: Unmatched cancel notification for request id 37
2026.04.25 01:06:09 INFO  no build target found for C:\Users\Jherson Silva\complytools-assistant\backend\complytools-assistant\src\main\java\com\complytools\model\Case.java. Using fallback presentation compiler.
2026.04.25 01:06:10 INFO  no build target found for C:\Users\Jherson Silva\complytools-assistant\backend\complytools-assistant\src\main\java\com\complytools\model\Case.java. Using fallback presentation compiler.
2026.04.25 01:06:10 WARN  no build target for: C:\Users\Jherson Silva\complytools-assistant\backend\complytools-assistant\src\main\java\com\complytools\model\Case.java
2026.04.25 01:06:10 INFO  no build target found for C:\Users\Jherson Silva\complytools-assistant\backend\complytools-assistant\src\main\java\com\complytools\model\Case.java. Using fallback presentation compiler.
2026.04.25 01:06:10 WARN  Running javac-semanticdb failed for file:///C:/Users/Jherson%20Silva/complytools-assistant/backend/complytools-assistant/src/main/java/com/complytools/model/Case.java. Output:

2026.04.25 01:06:10 INFO  no build target found for C:\Users\Jherson Silva\complytools-assistant\backend\complytools-assistant\src\main\java\com\complytools\model\Case.java. Using fallback presentation compiler.
2026.04.25 01:06:10 INFO  no build target found for C:\Users\Jherson Silva\complytools-assistant\backend\complytools-assistant\src\main\java\com\complytools\model\User.java. Using fallback presentation compiler.
2026.04.25 01:06:11 WARN  no build target for: C:\Users\Jherson Silva\complytools-assistant\backend\complytools-assistant\src\main\java\com\complytools\model\User.java
abr 25, 2026 1:06:11 A. M. org.eclipse.lsp4j.jsonrpc.RemoteEndpoint handleCancellation
WARNING: Unmatched cancel notification for request id 49
2026.04.25 01:06:11 INFO  no build target found for C:\Users\Jherson Silva\complytools-assistant\backend\complytools-assistant\src\main\java\com\complytools\model\User.java. Using fallback presentation compiler.
abr 25, 2026 1:06:12 A. M. org.eclipse.lsp4j.jsonrpc.RemoteEndpoint handleCancellation
WARNING: Unmatched cancel notification for request id 52
2026.04.25 01:06:11 INFO  no build target found for C:\Users\Jherson Silva\complytools-assistant\backend\complytools-assistant\src\main\java\com\complytools\model\User.java. Using fallback presentation compiler.
2026.04.25 01:06:12 INFO  no build target found for C:\Users\Jherson Silva\complytools-assistant\backend\complytools-assistant\src\main\java\com\complytools\model\User.java. Using fallback presentation compiler.
2026.04.25 01:06:11 INFO  no build target found for C:\Users\Jherson Silva\complytools-assistant\backend\complytools-assistant\src\main\java\com\complytools\model\User.java. Using fallback presentation compiler.
abr 25, 2026 1:06:12 A. M. org.eclipse.lsp4j.jsonrpc.RemoteEndpoint handleCancellation
WARNING: Unmatched cancel notification for request id 53
2026.04.25 01:06:11 INFO  no build target found for C:\Users\Jherson Silva\complytools-assistant\backend\complytools-assistant\src\main\java\com\complytools\model\User.java. Using fallback presentation compiler.
2026.04.25 01:06:12 INFO  no build target found for C:\Users\Jherson Silva\complytools-assistant\backend\complytools-assistant\src\main\java\com\complytools\model\User.java. Using fallback presentation compiler.
2026.04.25 01:06:13 WARN  no build target for: C:\Users\Jherson Silva\complytools-assistant\backend\complytools-assistant\src\main\java\com\complytools\model\User.java
2026.04.25 01:06:13 INFO  no build target found for C:\Users\Jherson Silva\complytools-assistant\backend\complytools-assistant\src\main\java\com\complytools\model\User.java. Using fallback presentation compiler.
2026.04.25 01:06:13 INFO  Created report: Optional[file:///C:/Users/Jherson%20Silva/complytools-assistant/backend/complytools-assistant/src/main/java/com/complytools/model/User.java]
2026.04.25 01:06:13 INFO  QDox parse error in file:///C:/Users/Jherson%20Silva/complytools-assistant/backend/complytools-assistant/src/main/java/com/complytools/model/User.java (full report at: "C:\Users\Jherson Silva\complytools-assistant\.metals\.reports\metals-full\2026-04-25\r_qdox-error_01-06-13-738.md")
2026.04.25 01:06:13 WARN  Running javac-semanticdb failed for file:///C:/Users/Jherson%20Silva/complytools-assistant/backend/complytools-assistant/src/main/java/com/complytools/model/User.java. Output:

2026.04.25 01:06:14 INFO  no build target found for C:\Users\Jherson Silva\complytools-assistant\backend\complytools-assistant\src\main\java\com\complytools\model\User.java. Using fallback presentation compiler.
2026.04.25 01:06:14 INFO  no build target found for C:\Users\Jherson Silva\complytools-assistant\backend\complytools-assistant\src\main\java\com\complytools\model\User.java. Using fallback presentation compiler.
2026.04.25 01:06:14 INFO  no build target found for C:\Users\Jherson Silva\complytools-assistant\backend\complytools-assistant\src\main\java\com\complytools\model\User.java. Using fallback presentation compiler.
2026.04.25 01:06:15 INFO  no build target found for C:\Users\Jherson Silva\complytools-assistant\backend\complytools-assistant\src\main\java\com\complytools\model\User.java. Using fallback presentation compiler.
2026.04.25 01:06:15 WARN  Running javac-semanticdb failed for file:///C:/Users/Jherson%20Silva/complytools-assistant/backend/complytools-assistant/src/main/java/com/complytools/model/User.java. Output:

2026.04.25 01:06:14 INFO  no build target found for C:\Users\Jherson Silva\complytools-assistant\backend\complytools-assistant\src\main\java\com\complytools\model\User.java. Using fallback presentation compiler.
2026.04.25 01:06:15 WARN  no build target for: C:\Users\Jherson Silva\complytools-assistant\backend\complytools-assistant\src\main\java\com\complytools\model\User.java
2026.04.25 01:06:15 INFO  no build target found for C:\Users\Jherson Silva\complytools-assistant\backend\complytools-assistant\src\main\java\com\complytools\model\User.java. Using fallback presentation compiler.
2026.04.25 01:06:19 INFO  no build target found for C:\Users\Jherson Silva\complytools-assistant\backend\complytools-assistant\src\main\java\com\complytools\model\Case.java. Using fallback presentation compiler.
2026.04.25 01:06:19 WARN  no build target for: C:\Users\Jherson Silva\complytools-assistant\backend\complytools-assistant\src\main\java\com\complytools\model\Case.java
2026.04.25 01:06:19 INFO  no build target found for C:\Users\Jherson Silva\complytools-assistant\backend\complytools-assistant\src\main\java\com\complytools\model\Case.java. Using fallback presentation compiler.
abr 25, 2026 1:06:19 A. M. org.eclipse.lsp4j.jsonrpc.RemoteEndpoint handleCancellation
WARNING: Unmatched cancel notification for request id 80
2026.04.25 01:06:19 INFO  no build target found for C:\Users\Jherson Silva\complytools-assistant\backend\complytools-assistant\src\main\java\com\complytools\model\Case.java. Using fallback presentation compiler.
2026.04.25 01:06:19 INFO  no build target found for C:\Users\Jherson Silva\complytools-assistant\backend\complytools-assistant\src\main\java\com\complytools\model\Case.java. Using fallback presentation compiler.
2026.04.25 01:06:20 INFO  no build target found for C:\Users\Jherson Silva\complytools-assistant\backend\complytools-assistant\src\main\java\com\complytools\model\Case.java. Using fallback presentation compiler.
2026.04.25 01:06:20 INFO  no build target found for C:\Users\Jherson Silva\complytools-assistant\backend\complytools-assistant\src\main\java\com\complytools\model\Case.java. Using fallback presentation compiler.
2026.04.25 01:06:20 INFO  no build target found for C:\Users\Jherson Silva\complytools-assistant\backend\complytools-assistant\src\main\java\com\complytools\model\Case.java. Using fallback presentation compiler.
2026.04.25 01:06:21 INFO  no build target found for C:\Users\Jherson Silva\complytools-assistant\backend\complytools-assistant\src\main\java\com\complytools\model\Case.java. Using fallback presentation compiler.
2026.04.25 01:06:21 WARN  Running javac-semanticdb failed for file:///C:/Users/Jherson%20Silva/complytools-assistant/backend/complytools-assistant/src/main/java/com/complytools/model/Case.java. Output:

2026.04.25 01:06:21 INFO  no build target found for C:\Users\Jherson Silva\complytools-assistant\backend\complytools-assistant\src\main\java\com\complytools\model\Case.java. Using fallback presentation compiler.
2026.04.25 01:06:21 INFO  no build target found for C:\Users\Jherson Silva\complytools-assistant\backend\complytools-assistant\src\main\java\com\complytools\model\Case.java. Using fallback presentation compiler.
2026.04.25 01:06:21 INFO  no build target found for C:\Users\Jherson Silva\complytools-assistant\backend\complytools-assistant\src\main\java\com\complytools\model\Case.java. Using fallback presentation compiler.
2026.04.25 01:06:21 WARN  Running javac-semanticdb failed for file:///C:/Users/Jherson%20Silva/complytools-assistant/backend/complytools-assistant/src/main/java/com/complytools/model/Case.java. Output:

2026.04.25 01:06:22 WARN  no build target for: C:\Users\Jherson Silva\complytools-assistant\backend\complytools-assistant\src\main\java\com\complytools\model\Case.java
2026.04.25 01:06:22 INFO  no build target found for C:\Users\Jherson Silva\complytools-assistant\backend\complytools-assistant\src\main\java\com\complytools\model\Case.java. Using fallback presentation compiler.
2026.04.25 01:06:23 INFO  no build target found for C:\Users\Jherson Silva\complytools-assistant\backend\complytools-assistant\src\main\java\com\complytools\model\Case.java. Using fallback presentation compiler.
2026.04.25 01:06:24 INFO  no build target found for C:\Users\Jherson Silva\complytools-assistant\backend\complytools-assistant\src\main\java\com\complytools\model\Case.java. Using fallback presentation compiler.
2026.04.25 01:06:24 INFO  no build target found for C:\Users\Jherson Silva\complytools-assistant\backend\complytools-assistant\src\main\java\com\complytools\model\Case.java. Using fallback presentation compiler.
2026.04.25 01:06:27 INFO  no build target found for C:\Users\Jherson Silva\complytools-assistant\backend\complytools-assistant\src\main\java\com\complytools\model\User.java. Using fallback presentation compiler.
2026.04.25 01:06:27 WARN  no build target for: C:\Users\Jherson Silva\complytools-assistant\backend\complytools-assistant\src\main\java\com\complytools\model\User.java
abr 25, 2026 1:06:27 A. M. org.eclipse.lsp4j.jsonrpc.RemoteEndpoint handleCancellation
WARNING: Unmatched cancel notification for request id 107
2026.04.25 01:06:27 INFO  no build target found for C:\Users\Jherson Silva\complytools-assistant\backend\complytools-assistant\src\main\java\com\complytools\model\User.java. Using fallback presentation compiler.
2026.04.25 01:06:27 INFO  no build target found for C:\Users\Jherson Silva\complytools-assistant\backend\complytools-assistant\src\main\java\com\complytools\model\User.java. Using fallback presentation compiler.
2026.04.25 01:06:27 INFO  no build target found for C:\Users\Jherson Silva\complytools-assistant\backend\complytools-assistant\src\main\java\com\complytools\model\User.java. Using fallback presentation compiler.
2026.04.25 01:06:28 INFO  no build target found for C:\Users\Jherson Silva\complytools-assistant\backend\complytools-assistant\src\main\java\com\complytools\model\User.java. Using fallback presentation compiler.
2026.04.25 01:06:30 INFO  no build target found for C:\Users\Jherson Silva\complytools-assistant\backend\complytools-assistant\src\main\java\com\complytools\model\User.java. Using fallback presentation compiler.
2026.04.25 01:06:30 INFO  no build target found for C:\Users\Jherson Silva\complytools-assistant\backend\complytools-assistant\src\main\java\com\complytools\model\User.java. Using fallback presentation compiler.
2026.04.25 01:06:32 INFO  no build target found for C:\Users\Jherson Silva\complytools-assistant\backend\complytools-assistant\src\main\java\com\complytools\model\Case.java. Using fallback presentation compiler.
2026.04.25 01:06:32 WARN  no build target for: C:\Users\Jherson Silva\complytools-assistant\backend\complytools-assistant\src\main\java\com\complytools\model\Case.java
2026.04.25 01:06:32 INFO  no build target found for C:\Users\Jherson Silva\complytools-assistant\backend\complytools-assistant\src\main\java\com\complytools\model\Case.java. Using fallback presentation compiler.
abr 25, 2026 1:06:32 A. M. org.eclipse.lsp4j.jsonrpc.RemoteEndpoint handleCancellation
WARNING: Unmatched cancel notification for request id 124
abr 25, 2026 1:06:32 A. M. org.eclipse.lsp4j.jsonrpc.RemoteEndpoint handleCancellation
WARNING: Unmatched cancel notification for request id 125
2026.04.25 01:06:32 INFO  no build target found for C:\Users\Jherson Silva\complytools-assistant\backend\complytools-assistant\src\main\java\com\complytools\model\Case.java. Using fallback presentation compiler.
2026.04.25 01:06:32 INFO  no build target found for C:\Users\Jherson Silva\complytools-assistant\backend\complytools-assistant\src\main\java\com\complytools\model\Case.java. Using fallback presentation compiler.
2026.04.25 01:06:33 INFO  no build target found for C:\Users\Jherson Silva\complytools-assistant\backend\complytools-assistant\src\main\java\com\complytools\model\Case.java. Using fallback presentation compiler.
2026.04.25 01:06:58 WARN  no build target for: C:\Users\Jherson Silva\complytools-assistant\backend\complytools-assistant\src\main\java\com\complytools\model\Source.java
2026.04.25 01:06:58 WARN  Running javac-semanticdb failed for file:///C:/Users/Jherson%20Silva/complytools-assistant/backend/complytools-assistant/src/main/java/com/complytools/model/Source.java. Output:

2026.04.25 01:06:58 INFO  no build target found for C:\Users\Jherson Silva\complytools-assistant\backend\complytools-assistant\src\main\java\com\complytools\model\Source.java. Using fallback presentation compiler.
2026.04.25 01:06:59 INFO  no build target found for C:\Users\Jherson Silva\complytools-assistant\backend\complytools-assistant\src\main\java\com\complytools\model\Source.java. Using fallback presentation compiler.
2026.04.25 01:06:59 INFO  no build target found for C:\Users\Jherson Silva\complytools-assistant\backend\complytools-assistant\src\main\java\com\complytools\model\Source.java. Using fallback presentation compiler.
2026.04.25 01:07:00 WARN  no build target for: C:\Users\Jherson Silva\complytools-assistant\backend\complytools-assistant\src\main\java\com\complytools\model\Source.java
2026.04.25 01:07:00 INFO  no build target found for C:\Users\Jherson Silva\complytools-assistant\backend\complytools-assistant\src\main\java\com\complytools\model\Source.java. Using fallback presentation compiler.
2026.04.25 01:07:00 WARN  Running javac-semanticdb failed for file:///C:/Users/Jherson%20Silva/complytools-assistant/backend/complytools-assistant/src/main/java/com/complytools/model/Source.java. Output:

2026.04.25 01:07:00 INFO  no build target found for C:\Users\Jherson Silva\complytools-assistant\backend\complytools-assistant\src\main\java\com\complytools\model\Source.java. Using fallback presentation compiler.
2026.04.25 01:07:00 INFO  no build target found for C:\Users\Jherson Silva\complytools-assistant\backend\complytools-assistant\src\main\java\com\complytools\model\Source.java. Using fallback presentation compiler.
2026.04.25 01:07:01 INFO  no build target found for C:\Users\Jherson Silva\complytools-assistant\backend\complytools-assistant\src\main\java\com\complytools\model\Source.java. Using fallback presentation compiler.
2026.04.25 01:07:01 INFO  no build target found for C:\Users\Jherson Silva\complytools-assistant\backend\complytools-assistant\src\main\java\com\complytools\model\Source.java. Using fallback presentation compiler.
2026.04.25 01:07:01 WARN  Running javac-semanticdb failed for file:///C:/Users/Jherson%20Silva/complytools-assistant/backend/complytools-assistant/src/main/java/com/complytools/model/Source.java. Output:

2026.04.25 01:07:01 INFO  no build target found for C:\Users\Jherson Silva\complytools-assistant\backend\complytools-assistant\src\main\java\com\complytools\model\Source.java. Using fallback presentation compiler.
2026.04.25 01:07:01 INFO  no build target found for C:\Users\Jherson Silva\complytools-assistant\backend\complytools-assistant\src\main\java\com\complytools\model\Source.java. Using fallback presentation compiler.
2026.04.25 01:07:01 INFO  no build target found for C:\Users\Jherson Silva\complytools-assistant\backend\complytools-assistant\src\main\java\com\complytools\model\Source.java. Using fallback presentation compiler.
2026.04.25 01:07:02 WARN  Running javac-semanticdb failed for file:///C:/Users/Jherson%20Silva/complytools-assistant/backend/complytools-assistant/src/main/java/com/complytools/model/Source.java. Output:

2026.04.25 01:07:02 WARN  no build target for: C:\Users\Jherson Silva\complytools-assistant\backend\complytools-assistant\src\main\java\com\complytools\model\Source.java
2026.04.25 01:07:02 INFO  no build target found for C:\Users\Jherson Silva\complytools-assistant\backend\complytools-assistant\src\main\java\com\complytools\model\Source.java. Using fallback presentation compiler.
2026.04.25 01:07:02 INFO  no build target found for C:\Users\Jherson Silva\complytools-assistant\backend\complytools-assistant\src\main\java\com\complytools\model\Source.java. Using fallback presentation compiler.
2026.04.25 01:07:04 INFO  no build target found for C:\Users\Jherson Silva\complytools-assistant\backend\complytools-assistant\src\main\java\com\complytools\model\Case.java. Using fallback presentation compiler.
2026.04.25 01:07:04 WARN  no build target for: C:\Users\Jherson Silva\complytools-assistant\backend\complytools-assistant\src\main\java\com\complytools\model\Case.java
2026.04.25 01:07:04 INFO  no build target found for C:\Users\Jherson Silva\complytools-assistant\backend\complytools-assistant\src\main\java\com\complytools\model\Case.java. Using fallback presentation compiler.
abr 25, 2026 1:07:04 A. M. org.eclipse.lsp4j.jsonrpc.RemoteEndpoint handleCancellation
WARNING: Unmatched cancel notification for request id 164
2026.04.25 01:07:04 INFO  no build target found for C:\Users\Jherson Silva\complytools-assistant\backend\complytools-assistant\src\main\java\com\complytools\model\Case.java. Using fallback presentation compiler.
2026.04.25 01:07:05 INFO  no build target found for C:\Users\Jherson Silva\complytools-assistant\backend\complytools-assistant\src\main\java\com\complytools\model\Case.java. Using fallback presentation compiler.
2026.04.25 01:07:06 INFO  no build target found for C:\Users\Jherson Silva\complytools-assistant\backend\complytools-assistant\src\main\java\com\complytools\model\User.java. Using fallback presentation compiler.
2026.04.25 01:07:06 WARN  no build target for: C:\Users\Jherson Silva\complytools-assistant\backend\complytools-assistant\src\main\java\com\complytools\model\User.java
2026.04.25 01:07:06 INFO  no build target found for C:\Users\Jherson Silva\complytools-assistant\backend\complytools-assistant\src\main\java\com\complytools\model\User.java. Using fallback presentation compiler.
2026.04.25 01:07:06 INFO  no build target found for C:\Users\Jherson Silva\complytools-assistant\backend\complytools-assistant\src\main\java\com\complytools\model\User.java. Using fallback presentation compiler.
2026.04.25 01:07:06 INFO  no build target found for C:\Users\Jherson Silva\complytools-assistant\backend\complytools-assistant\src\main\java\com\complytools\model\User.java. Using fallback presentation compiler.
2026.04.25 01:07:06 INFO  no build target found for C:\Users\Jherson Silva\complytools-assistant\backend\complytools-assistant\src\main\java\com\complytools\model\User.java. Using fallback presentation compiler.
2026.04.25 01:07:06 INFO  no build target found for C:\Users\Jherson Silva\complytools-assistant\backend\complytools-assistant\src\main\java\com\complytools\model\User.java. Using fallback presentation compiler.
2026.04.25 01:07:07 INFO  no build target found for C:\Users\Jherson Silva\complytools-assistant\backend\complytools-assistant\src\main\java\com\complytools\model\Case.java. Using fallback presentation compiler.
2026.04.25 01:07:07 WARN  no build target for: C:\Users\Jherson Silva\complytools-assistant\backend\complytools-assistant\src\main\java\com\complytools\model\Case.java
2026.04.25 01:07:07 INFO  no build target found for C:\Users\Jherson Silva\complytools-assistant\backend\complytools-assistant\src\main\java\com\complytools\model\Case.java. Using fallback presentation compiler.
abr 25, 2026 1:07:08 A. M. org.eclipse.lsp4j.jsonrpc.RemoteEndpoint handleCancellation
WARNING: Unmatched cancel notification for request id 180
2026.04.25 01:07:08 INFO  no build target found for C:\Users\Jherson Silva\complytools-assistant\backend\complytools-assistant\src\main\java\com\complytools\model\Case.java. Using fallback presentation compiler.
2026.04.25 01:07:07 INFO  no build target found for C:\Users\Jherson Silva\complytools-assistant\backend\complytools-assistant\src\main\java\com\complytools\model\Case.java. Using fallback presentation compiler.
2026.04.25 01:07:10 INFO  no build target found for C:\Users\Jherson Silva\complytools-assistant\backend\complytools-assistant\src\main\java\com\complytools\model\Source.java. Using fallback presentation compiler.
2026.04.25 01:07:10 WARN  no build target for: C:\Users\Jherson Silva\complytools-assistant\backend\complytools-assistant\src\main\java\com\complytools\model\Source.java
2026.04.25 01:07:10 INFO  no build target found for C:\Users\Jherson Silva\complytools-assistant\backend\complytools-assistant\src\main\java\com\complytools\model\Source.java. Using fallback presentation compiler.
abr 25, 2026 1:07:10 A. M. org.eclipse.lsp4j.jsonrpc.RemoteEndpoint handleCancellation
WARNING: Unmatched cancel notification for request id 188
2026.04.25 01:07:10 INFO  no build target found for C:\Users\Jherson Silva\complytools-assistant\backend\complytools-assistant\src\main\java\com\complytools\model\Source.java. Using fallback presentation compiler.
2026.04.25 01:07:10 INFO  no build target found for C:\Users\Jherson Silva\complytools-assistant\backend\complytools-assistant\src\main\java\com\complytools\model\Source.java. Using fallback presentation compiler.
2026.04.25 01:07:10 INFO  no build target found for C:\Users\Jherson Silva\complytools-assistant\backend\complytools-assistant\src\main\java\com\complytools\model\Source.java. Using fallback presentation compiler.
2026.04.25 01:07:16 INFO  no build target found for C:\Users\Jherson Silva\complytools-assistant\backend\complytools-assistant\src\main\java\com\complytools\model\User.java. Using fallback presentation compiler.
2026.04.25 01:07:16 WARN  no build target for: C:\Users\Jherson Silva\complytools-assistant\backend\complytools-assistant\src\main\java\com\complytools\model\User.java
2026.04.25 01:07:16 INFO  no build target found for C:\Users\Jherson Silva\complytools-assistant\backend\complytools-assistant\src\main\java\com\complytools\model\User.java. Using fallback presentation compiler.
abr 25, 2026 1:07:16 A. M. org.eclipse.lsp4j.jsonrpc.RemoteEndpoint handleCancellation
WARNING: Unmatched cancel notification for request id 200
2026.04.25 01:07:16 INFO  no build target found for C:\Users\Jherson Silva\complytools-assistant\backend\complytools-assistant\src\main\java\com\complytools\model\User.java. Using fallback presentation compiler.
2026.04.25 01:07:16 INFO  no build target found for C:\Users\Jherson Silva\complytools-assistant\backend\complytools-assistant\src\main\java\com\complytools\model\User.java. Using fallback presentation compiler.
2026.04.25 01:07:16 INFO  no build target found for C:\Users\Jherson Silva\complytools-assistant\backend\complytools-assistant\src\main\java\com\complytools\model\User.java. Using fallback presentation compiler.
2026.04.25 01:07:16 INFO  no build target found for C:\Users\Jherson Silva\complytools-assistant\backend\complytools-assistant\src\main\java\com\complytools\model\User.java. Using fallback presentation compiler.
2026.04.25 01:07:27 INFO  no build target found for C:\Users\Jherson Silva\complytools-assistant\backend\complytools-assistant\src\main\java\com\complytools\model\User.java. Using fallback presentation compiler.
2026.04.25 01:07:39 WARN  no build target for: C:\Users\Jherson Silva\complytools-assistant\backend\complytools-assistant\src\main\java\com\complytools\model\AuditLog.java
2026.04.25 01:07:39 WARN  Running javac-semanticdb failed for file:///C:/Users/Jherson%20Silva/complytools-assistant/backend/complytools-assistant/src/main/java/com/complytools/model/AuditLog.java. Output:

2026.04.25 01:07:39 INFO  no build target found for C:\Users\Jherson Silva\complytools-assistant\backend\complytools-assistant\src\main\java\com\complytools\model\AuditLog.java. Using fallback presentation compiler.
2026.04.25 01:07:40 INFO  no build target found for C:\Users\Jherson Silva\complytools-assistant\backend\complytools-assistant\src\main\java\com\complytools\model\AuditLog.java. Using fallback presentation compiler.
2026.04.25 01:07:40 INFO  no build target found for C:\Users\Jherson Silva\complytools-assistant\backend\complytools-assistant\src\main\java\com\complytools\model\AuditLog.java. Using fallback presentation compiler.
2026.04.25 01:07:40 INFO  no build target found for C:\Users\Jherson Silva\complytools-assistant\backend\complytools-assistant\src\main\java\com\complytools\model\AuditLog.java. Using fallback presentation compiler.
2026.04.25 01:07:40 INFO  no build target found for C:\Users\Jherson Silva\complytools-assistant\backend\complytools-assistant\src\main\java\com\complytools\model\AuditLog.java. Using fallback presentation compiler.
2026.04.25 01:07:41 WARN  no build target for: C:\Users\Jherson Silva\complytools-assistant\backend\complytools-assistant\src\main\java\com\complytools\model\AuditLog.java
2026.04.25 01:07:41 INFO  no build target found for C:\Users\Jherson Silva\complytools-assistant\backend\complytools-assistant\src\main\java\com\complytools\model\AuditLog.java. Using fallback presentation compiler.
2026.04.25 01:07:41 WARN  Running javac-semanticdb failed for file:///C:/Users/Jherson%20Silva/complytools-assistant/backend/complytools-assistant/src/main/java/com/complytools/model/AuditLog.java. Output:

2026.04.25 01:07:42 INFO  no build target found for C:\Users\Jherson Silva\complytools-assistant\backend\complytools-assistant\src\main\java\com\complytools\model\AuditLog.java. Using fallback presentation compiler.
2026.04.25 01:07:42 INFO  no build target found for C:\Users\Jherson Silva\complytools-assistant\backend\complytools-assistant\src\main\java\com\complytools\model\AuditLog.java. Using fallback presentation compiler.
2026.04.25 01:07:42 INFO  no build target found for C:\Users\Jherson Silva\complytools-assistant\backend\complytools-assistant\src\main\java\com\complytools\model\AuditLog.java. Using fallback presentation compiler.
2026.04.25 01:07:42 INFO  no build target found for C:\Users\Jherson Silva\complytools-assistant\backend\complytools-assistant\src\main\java\com\complytools\model\AuditLog.java. Using fallback presentation compiler.
2026.04.25 01:07:43 INFO  no build target found for C:\Users\Jherson Silva\complytools-assistant\backend\complytools-assistant\src\main\java\com\complytools\model\AuditLog.java. Using fallback presentation compiler.
2026.04.25 01:07:43 INFO  no build target found for C:\Users\Jherson Silva\complytools-assistant\backend\complytools-assistant\src\main\java\com\complytools\model\AuditLog.java. Using fallback presentation compiler.
2026.04.25 01:07:43 INFO  no build target found for C:\Users\Jherson Silva\complytools-assistant\backend\complytools-assistant\src\main\java\com\complytools\model\AuditLog.java. Using fallback presentation compiler.
2026.04.25 01:07:43 WARN  Running javac-semanticdb failed for file:///C:/Users/Jherson%20Silva/complytools-assistant/backend/complytools-assistant/src/main/java/com/complytools/model/AuditLog.java. Output:

2026.04.25 01:07:44 WARN  no build target for: C:\Users\Jherson Silva\complytools-assistant\backend\complytools-assistant\src\main\java\com\complytools\model\AuditLog.java
2026.04.25 01:07:44 INFO  no build target found for C:\Users\Jherson Silva\complytools-assistant\backend\complytools-assistant\src\main\java\com\complytools\model\AuditLog.java. Using fallback presentation compiler.
2026.04.25 01:07:50 INFO  no build target found for C:\Users\Jherson Silva\complytools-assistant\backend\complytools-assistant\src\main\java\com\complytools\model\Source.java. Using fallback presentation compiler.
2026.04.25 01:07:50 WARN  no build target for: C:\Users\Jherson Silva\complytools-assistant\backend\complytools-assistant\src\main\java\com\complytools\model\Source.java
2026.04.25 01:07:50 INFO  no build target found for C:\Users\Jherson Silva\complytools-assistant\backend\complytools-assistant\src\main\java\com\complytools\model\Source.java. Using fallback presentation compiler.
abr 25, 2026 1:07:50 A. M. org.eclipse.lsp4j.jsonrpc.RemoteEndpoint handleCancellation
WARNING: Unmatched cancel notification for request id 250
2026.04.25 01:07:50 INFO  no build target found for C:\Users\Jherson Silva\complytools-assistant\backend\complytools-assistant\src\main\java\com\complytools\model\Source.java. Using fallback presentation compiler.
2026.04.25 01:07:50 INFO  no build target found for C:\Users\Jherson Silva\complytools-assistant\backend\complytools-assistant\src\main\java\com\complytools\model\Source.java. Using fallback presentation compiler.
2026.04.25 01:07:50 INFO  no build target found for C:\Users\Jherson Silva\complytools-assistant\backend\complytools-assistant\src\main\java\com\complytools\model\Source.java. Using fallback presentation compiler.
2026.04.25 01:07:51 INFO  no build target found for C:\Users\Jherson Silva\complytools-assistant\backend\complytools-assistant\src\main\java\com\complytools\model\Source.java. Using fallback presentation compiler.
2026.04.25 01:07:53 INFO  no build target found for C:\Users\Jherson Silva\complytools-assistant\backend\complytools-assistant\src\main\java\com\complytools\model\Source.java. Using fallback presentation compiler.
2026.04.25 01:07:53 INFO  no build target found for C:\Users\Jherson Silva\complytools-assistant\backend\complytools-assistant\src\main\java\com\complytools\model\Source.java. Using fallback presentation compiler.
2026.04.25 01:08:11 INFO  no build target found for C:\Users\Jherson Silva\complytools-assistant\backend\complytools-assistant\src\main\java\com\complytools\model\User.java. Using fallback presentation compiler.
2026.04.25 01:08:33 WARN  no build target for: C:\Users\Jherson Silva\complytools-assistant\backend\complytools-assistant\src\main\java\com\complytools\repository\UserRepository.java
2026.04.25 01:08:33 WARN  Running javac-semanticdb failed for file:///C:/Users/Jherson%20Silva/complytools-assistant/backend/complytools-assistant/src/main/java/com/complytools/repository/UserRepository.java. Output:

2026.04.25 01:08:33 INFO  no build target found for C:\Users\Jherson Silva\complytools-assistant\backend\complytools-assistant\src\main\java\com\complytools\repository\UserRepository.java. Using fallback presentation compiler.
2026.04.25 01:08:34 INFO  no build target found for C:\Users\Jherson Silva\complytools-assistant\backend\complytools-assistant\src\main\java\com\complytools\repository\UserRepository.java. Using fallback presentation compiler.
2026.04.25 01:08:34 INFO  no build target found for C:\Users\Jherson Silva\complytools-assistant\backend\complytools-assistant\src\main\java\com\complytools\repository\UserRepository.java. Using fallback presentation compiler.
2026.04.25 01:08:34 INFO  no build target found for C:\Users\Jherson Silva\complytools-assistant\backend\complytools-assistant\src\main\java\com\complytools\repository\UserRepository.java. Using fallback presentation compiler.
2026.04.25 01:08:34 INFO  no build target found for C:\Users\Jherson Silva\complytools-assistant\backend\complytools-assistant\src\main\java\com\complytools\repository\UserRepository.java. Using fallback presentation compiler.
2026.04.25 01:08:34 WARN  no build target for: C:\Users\Jherson Silva\complytools-assistant\backend\complytools-assistant\src\main\java\com\complytools\repository\UserRepository.java
2026.04.25 01:08:34 INFO  no build target found for C:\Users\Jherson Silva\complytools-assistant\backend\complytools-assistant\src\main\java\com\complytools\repository\UserRepository.java. Using fallback presentation compiler.
2026.04.25 01:08:34 WARN  Running javac-semanticdb failed for file:///C:/Users/Jherson%20Silva/complytools-assistant/backend/complytools-assistant/src/main/java/com/complytools/repository/UserRepository.java. Output:

2026.04.25 01:08:37 INFO  no build target found for C:\Users\Jherson Silva\complytools-assistant\backend\complytools-assistant\src\main\java\com\complytools\repository\UserRepository.java. Using fallback presentation compiler.
2026.04.25 01:08:37 INFO  no build target found for C:\Users\Jherson Silva\complytools-assistant\backend\complytools-assistant\src\main\java\com\complytools\repository\UserRepository.java. Using fallback presentation compiler.
2026.04.25 01:08:37 INFO  no build target found for C:\Users\Jherson Silva\complytools-assistant\backend\complytools-assistant\src\main\java\com\complytools\repository\UserRepository.java. Using fallback presentation compiler.
2026.04.25 01:08:38 INFO  no build target found for C:\Users\Jherson Silva\complytools-assistant\backend\complytools-assistant\src\main\java\com\complytools\repository\UserRepository.java. Using fallback presentation compiler.
2026.04.25 01:08:38 INFO  no build target found for C:\Users\Jherson Silva\complytools-assistant\backend\complytools-assistant\src\main\java\com\complytools\repository\UserRepository.java. Using fallback presentation compiler.
2026.04.25 01:08:38 INFO  no build target found for C:\Users\Jherson Silva\complytools-assistant\backend\complytools-assistant\src\main\java\com\complytools\repository\UserRepository.java. Using fallback presentation compiler.
2026.04.25 01:08:38 INFO  no build target found for C:\Users\Jherson Silva\complytools-assistant\backend\complytools-assistant\src\main\java\com\complytools\repository\UserRepository.java. Using fallback presentation compiler.
2026.04.25 01:08:38 WARN  Running javac-semanticdb failed for file:///C:/Users/Jherson%20Silva/complytools-assistant/backend/complytools-assistant/src/main/java/com/complytools/repository/UserRepository.java. Output:

2026.04.25 01:08:39 WARN  no build target for: C:\Users\Jherson Silva\complytools-assistant\backend\complytools-assistant\src\main\java\com\complytools\repository\UserRepository.java
2026.04.25 01:08:39 INFO  no build target found for C:\Users\Jherson Silva\complytools-assistant\backend\complytools-assistant\src\main\java\com\complytools\repository\UserRepository.java. Using fallback presentation compiler.
2026.04.25 01:08:40 INFO  no build target found for C:\Users\Jherson Silva\complytools-assistant\backend\complytools-assistant\src\main\java\com\complytools\repository\UserRepository.java. Using fallback presentation compiler.
2026.04.25 01:08:50 WARN  no build target for: C:\Users\Jherson Silva\complytools-assistant\backend\complytools-assistant\src\main\java\com\complytools\repository\CaseRepository.java
2026.04.25 01:08:50 WARN  Running javac-semanticdb failed for file:///C:/Users/Jherson%20Silva/complytools-assistant/backend/complytools-assistant/src/main/java/com/complytools/repository/CaseRepository.java. Output:

2026.04.25 01:08:50 INFO  no build target found for C:\Users\Jherson Silva\complytools-assistant\backend\complytools-assistant\src\main\java\com\complytools\repository\CaseRepository.java. Using fallback presentation compiler.
2026.04.25 01:08:51 INFO  no build target found for C:\Users\Jherson Silva\complytools-assistant\backend\complytools-assistant\src\main\java\com\complytools\repository\CaseRepository.java. Using fallback presentation compiler.
2026.04.25 01:08:51 INFO  no build target found for C:\Users\Jherson Silva\complytools-assistant\backend\complytools-assistant\src\main\java\com\complytools\repository\CaseRepository.java. Using fallback presentation compiler.
2026.04.25 01:08:51 INFO  no build target found for C:\Users\Jherson Silva\complytools-assistant\backend\complytools-assistant\src\main\java\com\complytools\repository\CaseRepository.java. Using fallback presentation compiler.
2026.04.25 01:08:51 INFO  no build target found for C:\Users\Jherson Silva\complytools-assistant\backend\complytools-assistant\src\main\java\com\complytools\repository\CaseRepository.java. Using fallback presentation compiler.
2026.04.25 01:08:51 WARN  no build target for: C:\Users\Jherson Silva\complytools-assistant\backend\complytools-assistant\src\main\java\com\complytools\repository\CaseRepository.java
2026.04.25 01:08:51 WARN  Running javac-semanticdb failed for file:///C:/Users/Jherson%20Silva/complytools-assistant/backend/complytools-assistant/src/main/java/com/complytools/repository/CaseRepository.java. Output:

2026.04.25 01:08:52 INFO  no build target found for C:\Users\Jherson Silva\complytools-assistant\backend\complytools-assistant\src\main\java\com\complytools\repository\CaseRepository.java. Using fallback presentation compiler.
2026.04.25 01:08:53 INFO  no build target found for C:\Users\Jherson Silva\complytools-assistant\backend\complytools-assistant\src\main\java\com\complytools\repository\CaseRepository.java. Using fallback presentation compiler.
2026.04.25 01:08:53 INFO  no build target found for C:\Users\Jherson Silva\complytools-assistant\backend\complytools-assistant\src\main\java\com\complytools\repository\CaseRepository.java. Using fallback presentation compiler.
2026.04.25 01:08:53 INFO  no build target found for C:\Users\Jherson Silva\complytools-assistant\backend\complytools-assistant\src\main\java\com\complytools\repository\CaseRepository.java. Using fallback presentation compiler.
2026.04.25 01:08:53 INFO  no build target found for C:\Users\Jherson Silva\complytools-assistant\backend\complytools-assistant\src\main\java\com\complytools\repository\CaseRepository.java. Using fallback presentation compiler.
2026.04.25 01:08:53 INFO  no build target found for C:\Users\Jherson Silva\complytools-assistant\backend\complytools-assistant\src\main\java\com\complytools\repository\CaseRepository.java. Using fallback presentation compiler.
2026.04.25 01:08:54 INFO  no build target found for C:\Users\Jherson Silva\complytools-assistant\backend\complytools-assistant\src\main\java\com\complytools\repository\CaseRepository.java. Using fallback presentation compiler.
2026.04.25 01:08:54 WARN  Running javac-semanticdb failed for file:///C:/Users/Jherson%20Silva/complytools-assistant/backend/complytools-assistant/src/main/java/com/complytools/repository/CaseRepository.java. Output:

2026.04.25 01:08:55 WARN  no build target for: C:\Users\Jherson Silva\complytools-assistant\backend\complytools-assistant\src\main\java\com\complytools\repository\CaseRepository.java
2026.04.25 01:08:55 INFO  no build target found for C:\Users\Jherson Silva\complytools-assistant\backend\complytools-assistant\src\main\java\com\complytools\repository\CaseRepository.java. Using fallback presentation compiler.
2026.04.25 01:08:55 INFO  no build target found for C:\Users\Jherson Silva\complytools-assistant\backend\complytools-assistant\src\main\java\com\complytools\repository\CaseRepository.java. Using fallback presentation compiler.
2026.04.25 01:08:55 INFO  no build target found for C:\Users\Jherson Silva\complytools-assistant\backend\complytools-assistant\src\main\java\com\complytools\repository\CaseRepository.java. Using fallback presentation compiler.
2026.04.25 01:08:56 INFO  no build target found for C:\Users\Jherson Silva\complytools-assistant\backend\complytools-assistant\src\main\java\com\complytools\repository\CaseRepository.java. Using fallback presentation compiler.
2026.04.25 01:08:56 INFO  no build target found for C:\Users\Jherson Silva\complytools-assistant\backend\complytools-assistant\src\main\java\com\complytools\repository\CaseRepository.java. Using fallback presentation compiler.
2026.04.25 01:08:59 INFO  no build target found for C:\Users\Jherson Silva\complytools-assistant\backend\complytools-assistant\src\main\java\com\complytools\model\Case.java. Using fallback presentation compiler.
2026.04.25 01:09:23 WARN  no build target for: C:\Users\Jherson Silva\complytools-assistant\backend\complytools-assistant\src\main\java\com\complytools\repository\SourceRepository.java
2026.04.25 01:09:23 WARN  Running javac-semanticdb failed for file:///C:/Users/Jherson%20Silva/complytools-assistant/backend/complytools-assistant/src/main/java/com/complytools/repository/SourceRepository.java. Output:

2026.04.25 01:09:23 INFO  no build target found for C:\Users\Jherson Silva\complytools-assistant\backend\complytools-assistant\src\main\java\com\complytools\repository\SourceRepository.java. Using fallback presentation compiler.
2026.04.25 01:09:23 INFO  no build target found for C:\Users\Jherson Silva\complytools-assistant\backend\complytools-assistant\src\main\java\com\complytools\repository\SourceRepository.java. Using fallback presentation compiler.
2026.04.25 01:09:23 INFO  no build target found for C:\Users\Jherson Silva\complytools-assistant\backend\complytools-assistant\src\main\java\com\complytools\repository\SourceRepository.java. Using fallback presentation compiler.
2026.04.25 01:09:23 INFO  no build target found for C:\Users\Jherson Silva\complytools-assistant\backend\complytools-assistant\src\main\java\com\complytools\repository\SourceRepository.java. Using fallback presentation compiler.
2026.04.25 01:09:23 INFO  no build target found for C:\Users\Jherson Silva\complytools-assistant\backend\complytools-assistant\src\main\java\com\complytools\repository\SourceRepository.java. Using fallback presentation compiler.
2026.04.25 01:09:24 WARN  Running javac-semanticdb failed for file:///C:/Users/Jherson%20Silva/complytools-assistant/backend/complytools-assistant/src/main/java/com/complytools/repository/SourceRepository.java. Output:

2026.04.25 01:09:24 WARN  no build target for: C:\Users\Jherson Silva\complytools-assistant\backend\complytools-assistant\src\main\java\com\complytools\repository\SourceRepository.java
2026.04.25 01:09:24 INFO  no build target found for C:\Users\Jherson Silva\complytools-assistant\backend\complytools-assistant\src\main\java\com\complytools\repository\SourceRepository.java. Using fallback presentation compiler.
2026.04.25 01:09:29 INFO  no build target found for C:\Users\Jherson Silva\complytools-assistant\backend\complytools-assistant\src\main\java\com\complytools\repository\SourceRepository.java. Using fallback presentation compiler.
2026.04.25 01:09:29 INFO  no build target found for C:\Users\Jherson Silva\complytools-assistant\backend\complytools-assistant\src\main\java\com\complytools\repository\SourceRepository.java. Using fallback presentation compiler.
2026.04.25 01:09:29 INFO  no build target found for C:\Users\Jherson Silva\complytools-assistant\backend\complytools-assistant\src\main\java\com\complytools\repository\SourceRepository.java. Using fallback presentation compiler.
2026.04.25 01:09:29 INFO  no build target found for C:\Users\Jherson Silva\complytools-assistant\backend\complytools-assistant\src\main\java\com\complytools\repository\SourceRepository.java. Using fallback presentation compiler.
2026.04.25 01:09:30 INFO  no build target found for C:\Users\Jherson Silva\complytools-assistant\backend\complytools-assistant\src\main\java\com\complytools\repository\SourceRepository.java. Using fallback presentation compiler.
2026.04.25 01:09:30 INFO  no build target found for C:\Users\Jherson Silva\complytools-assistant\backend\complytools-assistant\src\main\java\com\complytools\repository\SourceRepository.java. Using fallback presentation compiler.
2026.04.25 01:09:30 WARN  Running javac-semanticdb failed for file:///C:/Users/Jherson%20Silva/complytools-assistant/backend/complytools-assistant/src/main/java/com/complytools/repository/SourceRepository.java. Output:

2026.04.25 01:09:31 WARN  no build target for: C:\Users\Jherson Silva\complytools-assistant\backend\complytools-assistant\src\main\java\com\complytools\repository\SourceRepository.java
2026.04.25 01:09:31 INFO  no build target found for C:\Users\Jherson Silva\complytools-assistant\backend\complytools-assistant\src\main\java\com\complytools\repository\SourceRepository.java. Using fallback presentation compiler.
2026.04.25 01:09:44 WARN  no build target for: C:\Users\Jherson Silva\complytools-assistant\backend\complytools-assistant\src\main\java\com\complytools\repository\AuditLogRepository.java
2026.04.25 01:09:44 WARN  Running javac-semanticdb failed for file:///C:/Users/Jherson%20Silva/complytools-assistant/backend/complytools-assistant/src/main/java/com/complytools/repository/AuditLogRepository.java. Output:

2026.04.25 01:09:44 INFO  no build target found for C:\Users\Jherson Silva\complytools-assistant\backend\complytools-assistant\src\main\java\com\complytools\repository\AuditLogRepository.java. Using fallback presentation compiler.
2026.04.25 01:09:45 INFO  no build target found for C:\Users\Jherson Silva\complytools-assistant\backend\complytools-assistant\src\main\java\com\complytools\repository\AuditLogRepository.java. Using fallback presentation compiler.
2026.04.25 01:09:45 INFO  no build target found for C:\Users\Jherson Silva\complytools-assistant\backend\complytools-assistant\src\main\java\com\complytools\repository\AuditLogRepository.java. Using fallback presentation compiler.
2026.04.25 01:09:45 INFO  no build target found for C:\Users\Jherson Silva\complytools-assistant\backend\complytools-assistant\src\main\java\com\complytools\repository\AuditLogRepository.java. Using fallback presentation compiler.
2026.04.25 01:09:45 INFO  no build target found for C:\Users\Jherson Silva\complytools-assistant\backend\complytools-assistant\src\main\java\com\complytools\repository\AuditLogRepository.java. Using fallback presentation compiler.
2026.04.25 01:09:46 WARN  Running javac-semanticdb failed for file:///C:/Users/Jherson%20Silva/complytools-assistant/backend/complytools-assistant/src/main/java/com/complytools/repository/AuditLogRepository.java. Output:

2026.04.25 01:09:46 WARN  no build target for: C:\Users\Jherson Silva\complytools-assistant\backend\complytools-assistant\src\main\java\com\complytools\repository\AuditLogRepository.java
2026.04.25 01:09:46 INFO  no build target found for C:\Users\Jherson Silva\complytools-assistant\backend\complytools-assistant\src\main\java\com\complytools\repository\AuditLogRepository.java. Using fallback presentation compiler.
2026.04.25 01:09:47 INFO  no build target found for C:\Users\Jherson Silva\complytools-assistant\backend\complytools-assistant\src\main\java\com\complytools\repository\AuditLogRepository.java. Using fallback presentation compiler.
2026.04.25 01:09:47 INFO  no build target found for C:\Users\Jherson Silva\complytools-assistant\backend\complytools-assistant\src\main\java\com\complytools\repository\AuditLogRepository.java. Using fallback presentation compiler.
2026.04.25 01:09:47 INFO  no build target found for C:\Users\Jherson Silva\complytools-assistant\backend\complytools-assistant\src\main\java\com\complytools\repository\AuditLogRepository.java. Using fallback presentation compiler.
2026.04.25 01:09:47 INFO  no build target found for C:\Users\Jherson Silva\complytools-assistant\backend\complytools-assistant\src\main\java\com\complytools\repository\AuditLogRepository.java. Using fallback presentation compiler.
2026.04.25 01:09:47 INFO  no build target found for C:\Users\Jherson Silva\complytools-assistant\backend\complytools-assistant\src\main\java\com\complytools\repository\AuditLogRepository.java. Using fallback presentation compiler.
2026.04.25 01:09:48 INFO  no build target found for C:\Users\Jherson Silva\complytools-assistant\backend\complytools-assistant\src\main\java\com\complytools\repository\AuditLogRepository.java. Using fallback presentation compiler.
2026.04.25 01:09:48 WARN  Running javac-semanticdb failed for file:///C:/Users/Jherson%20Silva/complytools-assistant/backend/complytools-assistant/src/main/java/com/complytools/repository/AuditLogRepository.java. Output:

2026.04.25 01:09:49 WARN  no build target for: C:\Users\Jherson Silva\complytools-assistant\backend\complytools-assistant\src\main\java\com\complytools\repository\AuditLogRepository.java
2026.04.25 01:09:49 INFO  no build target found for C:\Users\Jherson Silva\complytools-assistant\backend\complytools-assistant\src\main\java\com\complytools\repository\AuditLogRepository.java. Using fallback presentation compiler.
2026.04.25 01:09:58 INFO  no build target found for C:\Users\Jherson Silva\complytools-assistant\backend\complytools-assistant\src\main\java\com\complytools\model\Source.java. Using fallback presentation compiler.
2026.04.25 01:10:26 WARN  no build target for: C:\Users\Jherson Silva\complytools-assistant\backend\complytools-assistant\src\main\java\com\complytools\dto\CaseRequestDTO.java
2026.04.25 01:10:26 WARN  Running javac-semanticdb failed for file:///C:/Users/Jherson%20Silva/complytools-assistant/backend/complytools-assistant/src/main/java/com/complytools/dto/CaseRequestDTO.java. Output:

2026.04.25 01:10:27 INFO  no build target found for C:\Users\Jherson Silva\complytools-assistant\backend\complytools-assistant\src\main\java\com\complytools\dto\CaseRequestDTO.java. Using fallback presentation compiler.
2026.04.25 01:10:27 INFO  no build target found for C:\Users\Jherson Silva\complytools-assistant\backend\complytools-assistant\src\main\java\com\complytools\dto\CaseRequestDTO.java. Using fallback presentation compiler.
2026.04.25 01:10:27 INFO  no build target found for C:\Users\Jherson Silva\complytools-assistant\backend\complytools-assistant\src\main\java\com\complytools\dto\CaseRequestDTO.java. Using fallback presentation compiler.
2026.04.25 01:10:27 INFO  no build target found for C:\Users\Jherson Silva\complytools-assistant\backend\complytools-assistant\src\main\java\com\complytools\dto\CaseRequestDTO.java. Using fallback presentation compiler.
2026.04.25 01:10:28 INFO  no build target found for C:\Users\Jherson Silva\complytools-assistant\backend\complytools-assistant\src\main\java\com\complytools\dto\CaseRequestDTO.java. Using fallback presentation compiler.
2026.04.25 01:10:28 WARN  Running javac-semanticdb failed for file:///C:/Users/Jherson%20Silva/complytools-assistant/backend/complytools-assistant/src/main/java/com/complytools/dto/CaseRequestDTO.java. Output:

2026.04.25 01:10:28 WARN  no build target for: C:\Users\Jherson Silva\complytools-assistant\backend\complytools-assistant\src\main\java\com\complytools\dto\CaseRequestDTO.java
2026.04.25 01:10:28 INFO  no build target found for C:\Users\Jherson Silva\complytools-assistant\backend\complytools-assistant\src\main\java\com\complytools\dto\CaseRequestDTO.java. Using fallback presentation compiler.
2026.04.25 01:10:30 INFO  no build target found for C:\Users\Jherson Silva\complytools-assistant\backend\complytools-assistant\src\main\java\com\complytools\dto\CaseRequestDTO.java. Using fallback presentation compiler.
2026.04.25 01:10:30 INFO  no build target found for C:\Users\Jherson Silva\complytools-assistant\backend\complytools-assistant\src\main\java\com\complytools\dto\CaseRequestDTO.java. Using fallback presentation compiler.
2026.04.25 01:10:30 INFO  no build target found for C:\Users\Jherson Silva\complytools-assistant\backend\complytools-assistant\src\main\java\com\complytools\dto\CaseRequestDTO.java. Using fallback presentation compiler.
2026.04.25 01:10:30 INFO  no build target found for C:\Users\Jherson Silva\complytools-assistant\backend\complytools-assistant\src\main\java\com\complytools\dto\CaseRequestDTO.java. Using fallback presentation compiler.
2026.04.25 01:10:30 INFO  no build target found for C:\Users\Jherson Silva\complytools-assistant\backend\complytools-assistant\src\main\java\com\complytools\dto\CaseRequestDTO.java. Using fallback presentation compiler.
2026.04.25 01:10:31 INFO  no build target found for C:\Users\Jherson Silva\complytools-assistant\backend\complytools-assistant\src\main\java\com\complytools\dto\CaseRequestDTO.java. Using fallback presentation compiler.
2026.04.25 01:10:31 WARN  Running javac-semanticdb failed for file:///C:/Users/Jherson%20Silva/complytools-assistant/backend/complytools-assistant/src/main/java/com/complytools/dto/CaseRequestDTO.java. Output:

2026.04.25 01:10:32 WARN  no build target for: C:\Users\Jherson Silva\complytools-assistant\backend\complytools-assistant\src\main\java\com\complytools\dto\CaseRequestDTO.java
2026.04.25 01:10:32 INFO  no build target found for C:\Users\Jherson Silva\complytools-assistant\backend\complytools-assistant\src\main\java\com\complytools\dto\CaseRequestDTO.java. Using fallback presentation compiler.
2026.04.25 01:10:33 INFO  no build target found for C:\Users\Jherson Silva\complytools-assistant\backend\complytools-assistant\src\main\java\com\complytools\dto\CaseRequestDTO.java. Using fallback presentation compiler.
2026.04.25 01:10:39 INFO  no build target found for C:\Users\Jherson Silva\complytools-assistant\backend\complytools-assistant\src\main\java\com\complytools\model\AuditLog.java. Using fallback presentation compiler.
2026.04.25 01:10:45 WARN  no build target for: C:\Users\Jherson Silva\complytools-assistant\backend\complytools-assistant\src\main\java\com\complytools\dto\CaseResponseDTO.java
2026.04.25 01:10:45 WARN  Running javac-semanticdb failed for file:///C:/Users/Jherson%20Silva/complytools-assistant/backend/complytools-assistant/src/main/java/com/complytools/dto/CaseResponseDTO.java. Output:

2026.04.25 01:10:45 INFO  no build target found for C:\Users\Jherson Silva\complytools-assistant\backend\complytools-assistant\src\main\java\com\complytools\dto\CaseResponseDTO.java. Using fallback presentation compiler.
2026.04.25 01:10:46 INFO  no build target found for C:\Users\Jherson Silva\complytools-assistant\backend\complytools-assistant\src\main\java\com\complytools\dto\CaseResponseDTO.java. Using fallback presentation compiler.
2026.04.25 01:10:46 INFO  no build target found for C:\Users\Jherson Silva\complytools-assistant\backend\complytools-assistant\src\main\java\com\complytools\dto\CaseResponseDTO.java. Using fallback presentation compiler.
2026.04.25 01:10:46 INFO  no build target found for C:\Users\Jherson Silva\complytools-assistant\backend\complytools-assistant\src\main\java\com\complytools\dto\CaseResponseDTO.java. Using fallback presentation compiler.
abr 25, 2026 1:10:46 A. M. org.eclipse.lsp4j.jsonrpc.RemoteEndpoint handleCancellation
WARNING: Unmatched cancel notification for request id 434
2026.04.25 01:10:46 INFO  no build target found for C:\Users\Jherson Silva\complytools-assistant\backend\complytools-assistant\src\main\java\com\complytools\dto\CaseResponseDTO.java. Using fallback presentation compiler.
2026.04.25 01:10:46 WARN  Running javac-semanticdb failed for file:///C:/Users/Jherson%20Silva/complytools-assistant/backend/complytools-assistant/src/main/java/com/complytools/dto/CaseResponseDTO.java. Output:

2026.04.25 01:10:46 WARN  no build target for: C:\Users\Jherson Silva\complytools-assistant\backend\complytools-assistant\src\main\java\com\complytools\dto\CaseResponseDTO.java
2026.04.25 01:10:46 INFO  no build target found for C:\Users\Jherson Silva\complytools-assistant\backend\complytools-assistant\src\main\java\com\complytools\dto\CaseResponseDTO.java. Using fallback presentation compiler.
2026.04.25 01:10:49 INFO  no build target found for C:\Users\Jherson Silva\complytools-assistant\backend\complytools-assistant\src\main\java\com\complytools\dto\CaseResponseDTO.java. Using fallback presentation compiler.
2026.04.25 01:10:49 INFO  no build target found for C:\Users\Jherson Silva\complytools-assistant\backend\complytools-assistant\src\main\java\com\complytools\dto\CaseResponseDTO.java. Using fallback presentation compiler.
2026.04.25 01:10:49 INFO  no build target found for C:\Users\Jherson Silva\complytools-assistant\backend\complytools-assistant\src\main\java\com\complytools\dto\CaseResponseDTO.java. Using fallback presentation compiler.
2026.04.25 01:10:49 INFO  no build target found for C:\Users\Jherson Silva\complytools-assistant\backend\complytools-assistant\src\main\java\com\complytools\dto\CaseResponseDTO.java. Using fallback presentation compiler.
2026.04.25 01:10:49 INFO  no build target found for C:\Users\Jherson Silva\complytools-assistant\backend\complytools-assistant\src\main\java\com\complytools\dto\CaseResponseDTO.java. Using fallback presentation compiler.
2026.04.25 01:10:50 INFO  no build target found for C:\Users\Jherson Silva\complytools-assistant\backend\complytools-assistant\src\main\java\com\complytools\dto\CaseResponseDTO.java. Using fallback presentation compiler.
2026.04.25 01:10:50 WARN  Running javac-semanticdb failed for file:///C:/Users/Jherson%20Silva/complytools-assistant/backend/complytools-assistant/src/main/java/com/complytools/dto/CaseResponseDTO.java. Output:

2026.04.25 01:10:50 INFO  no build target found for C:\Users\Jherson Silva\complytools-assistant\backend\complytools-assistant\src\main\java\com\complytools\dto\CaseResponseDTO.java. Using fallback presentation compiler.
2026.04.25 01:10:51 WARN  no build target for: C:\Users\Jherson Silva\complytools-assistant\backend\complytools-assistant\src\main\java\com\complytools\dto\CaseResponseDTO.java
2026.04.25 01:10:51 INFO  no build target found for C:\Users\Jherson Silva\complytools-assistant\backend\complytools-assistant\src\main\java\com\complytools\dto\CaseResponseDTO.java. Using fallback presentation compiler.
2026.04.25 01:11:00 WARN  no build target for: C:\Users\Jherson Silva\complytools-assistant\backend\complytools-assistant\src\main\java\com\complytools\dto\SourceRequestDTO.java
2026.04.25 01:11:00 WARN  Running javac-semanticdb failed for file:///C:/Users/Jherson%20Silva/complytools-assistant/backend/complytools-assistant/src/main/java/com/complytools/dto/SourceRequestDTO.java. Output:

2026.04.25 01:11:00 INFO  no build target found for C:\Users\Jherson Silva\complytools-assistant\backend\complytools-assistant\src\main\java\com\complytools\dto\SourceRequestDTO.java. Using fallback presentation compiler.
2026.04.25 01:11:01 INFO  no build target found for C:\Users\Jherson Silva\complytools-assistant\backend\complytools-assistant\src\main\java\com\complytools\dto\SourceRequestDTO.java. Using fallback presentation compiler.
2026.04.25 01:11:01 INFO  no build target found for C:\Users\Jherson Silva\complytools-assistant\backend\complytools-assistant\src\main\java\com\complytools\dto\SourceRequestDTO.java. Using fallback presentation compiler.
2026.04.25 01:11:01 INFO  no build target found for C:\Users\Jherson Silva\complytools-assistant\backend\complytools-assistant\src\main\java\com\complytools\dto\SourceRequestDTO.java. Using fallback presentation compiler.
2026.04.25 01:11:01 INFO  no build target found for C:\Users\Jherson Silva\complytools-assistant\backend\complytools-assistant\src\main\java\com\complytools\dto\SourceRequestDTO.java. Using fallback presentation compiler.
2026.04.25 01:11:01 WARN  no build target for: C:\Users\Jherson Silva\complytools-assistant\backend\complytools-assistant\src\main\java\com\complytools\dto\SourceRequestDTO.java
2026.04.25 01:11:02 INFO  no build target found for C:\Users\Jherson Silva\complytools-assistant\backend\complytools-assistant\src\main\java\com\complytools\dto\SourceRequestDTO.java. Using fallback presentation compiler.
2026.04.25 01:11:02 WARN  Running javac-semanticdb failed for file:///C:/Users/Jherson%20Silva/complytools-assistant/backend/complytools-assistant/src/main/java/com/complytools/dto/SourceRequestDTO.java. Output:

2026.04.25 01:11:04 INFO  no build target found for C:\Users\Jherson Silva\complytools-assistant\backend\complytools-assistant\src\main\java\com\complytools\dto\SourceRequestDTO.java. Using fallback presentation compiler.
2026.04.25 01:11:04 INFO  no build target found for C:\Users\Jherson Silva\complytools-assistant\backend\complytools-assistant\src\main\java\com\complytools\dto\SourceRequestDTO.java. Using fallback presentation compiler.
2026.04.25 01:11:04 INFO  no build target found for C:\Users\Jherson Silva\complytools-assistant\backend\complytools-assistant\src\main\java\com\complytools\dto\SourceRequestDTO.java. Using fallback presentation compiler.
2026.04.25 01:11:05 INFO  no build target found for C:\Users\Jherson Silva\complytools-assistant\backend\complytools-assistant\src\main\java\com\complytools\dto\SourceRequestDTO.java. Using fallback presentation compiler.
2026.04.25 01:11:05 WARN  Running javac-semanticdb failed for file:///C:/Users/Jherson%20Silva/complytools-assistant/backend/complytools-assistant/src/main/java/com/complytools/dto/SourceRequestDTO.java. Output:

2026.04.25 01:11:05 INFO  no build target found for C:\Users\Jherson Silva\complytools-assistant\backend\complytools-assistant\src\main\java\com\complytools\dto\SourceRequestDTO.java. Using fallback presentation compiler.
2026.04.25 01:11:05 INFO  no build target found for C:\Users\Jherson Silva\complytools-assistant\backend\complytools-assistant\src\main\java\com\complytools\dto\SourceRequestDTO.java. Using fallback presentation compiler.
2026.04.25 01:11:05 INFO  no build target found for C:\Users\Jherson Silva\complytools-assistant\backend\complytools-assistant\src\main\java\com\complytools\dto\SourceRequestDTO.java. Using fallback presentation compiler.
2026.04.25 01:11:05 WARN  Running javac-semanticdb failed for file:///C:/Users/Jherson%20Silva/complytools-assistant/backend/complytools-assistant/src/main/java/com/complytools/dto/SourceRequestDTO.java. Output:

2026.04.25 01:11:06 WARN  no build target for: C:\Users\Jherson Silva\complytools-assistant\backend\complytools-assistant\src\main\java\com\complytools\dto\SourceRequestDTO.java
2026.04.25 01:11:06 INFO  no build target found for C:\Users\Jherson Silva\complytools-assistant\backend\complytools-assistant\src\main\java\com\complytools\dto\SourceRequestDTO.java. Using fallback presentation compiler.
2026.04.25 01:11:24 WARN  no build target for: C:\Users\Jherson Silva\complytools-assistant\backend\complytools-assistant\src\main\java\com\complytools\dto\SourceResponseDTO.java
2026.04.25 01:11:24 WARN  Running javac-semanticdb failed for file:///C:/Users/Jherson%20Silva/complytools-assistant/backend/complytools-assistant/src/main/java/com/complytools/dto/SourceResponseDTO.java. Output:

2026.04.25 01:11:24 INFO  no build target found for C:\Users\Jherson Silva\complytools-assistant\backend\complytools-assistant\src\main\java\com\complytools\dto\SourceResponseDTO.java. Using fallback presentation compiler.
2026.04.25 01:11:25 INFO  no build target found for C:\Users\Jherson Silva\complytools-assistant\backend\complytools-assistant\src\main\java\com\complytools\dto\SourceResponseDTO.java. Using fallback presentation compiler.
2026.04.25 01:11:25 INFO  no build target found for C:\Users\Jherson Silva\complytools-assistant\backend\complytools-assistant\src\main\java\com\complytools\dto\SourceResponseDTO.java. Using fallback presentation compiler.
2026.04.25 01:11:25 INFO  no build target found for C:\Users\Jherson Silva\complytools-assistant\backend\complytools-assistant\src\main\java\com\complytools\dto\SourceResponseDTO.java. Using fallback presentation compiler.
2026.04.25 01:11:25 INFO  no build target found for C:\Users\Jherson Silva\complytools-assistant\backend\complytools-assistant\src\main\java\com\complytools\dto\SourceResponseDTO.java. Using fallback presentation compiler.
2026.04.25 01:11:25 WARN  Running javac-semanticdb failed for file:///C:/Users/Jherson%20Silva/complytools-assistant/backend/complytools-assistant/src/main/java/com/complytools/dto/SourceResponseDTO.java. Output:

2026.04.25 01:11:26 WARN  no build target for: C:\Users\Jherson Silva\complytools-assistant\backend\complytools-assistant\src\main\java\com\complytools\dto\SourceResponseDTO.java
2026.04.25 01:11:26 INFO  no build target found for C:\Users\Jherson Silva\complytools-assistant\backend\complytools-assistant\src\main\java\com\complytools\dto\SourceResponseDTO.java. Using fallback presentation compiler.
2026.04.25 01:11:28 INFO  no build target found for C:\Users\Jherson Silva\complytools-assistant\backend\complytools-assistant\src\main\java\com\complytools\dto\SourceResponseDTO.java. Using fallback presentation compiler.
2026.04.25 01:11:28 INFO  no build target found for C:\Users\Jherson Silva\complytools-assistant\backend\complytools-assistant\src\main\java\com\complytools\dto\SourceResponseDTO.java. Using fallback presentation compiler.
2026.04.25 01:11:28 INFO  no build target found for C:\Users\Jherson Silva\complytools-assistant\backend\complytools-assistant\src\main\java\com\complytools\dto\SourceResponseDTO.java. Using fallback presentation compiler.
2026.04.25 01:11:28 INFO  no build target found for C:\Users\Jherson Silva\complytools-assistant\backend\complytools-assistant\src\main\java\com\complytools\dto\SourceResponseDTO.java. Using fallback presentation compiler.
2026.04.25 01:11:28 INFO  no build target found for C:\Users\Jherson Silva\complytools-assistant\backend\complytools-assistant\src\main\java\com\complytools\dto\SourceResponseDTO.java. Using fallback presentation compiler.
2026.04.25 01:11:29 INFO  no build target found for C:\Users\Jherson Silva\complytools-assistant\backend\complytools-assistant\src\main\java\com\complytools\dto\SourceResponseDTO.java. Using fallback presentation compiler.
2026.04.25 01:11:29 WARN  Running javac-semanticdb failed for file:///C:/Users/Jherson%20Silva/complytools-assistant/backend/complytools-assistant/src/main/java/com/complytools/dto/SourceResponseDTO.java. Output:

2026.04.25 01:11:30 WARN  no build target for: C:\Users\Jherson Silva\complytools-assistant\backend\complytools-assistant\src\main\java\com\complytools\dto\SourceResponseDTO.java
2026.04.25 01:11:30 INFO  no build target found for C:\Users\Jherson Silva\complytools-assistant\backend\complytools-assistant\src\main\java\com\complytools\dto\SourceResponseDTO.java. Using fallback presentation compiler.
2026.04.25 01:11:33 INFO  no build target found for C:\Users\Jherson Silva\complytools-assistant\backend\complytools-assistant\src\main\java\com\complytools\repository\UserRepository.java. Using fallback presentation compiler.
2026.04.25 01:11:37 WARN  no build target for: C:\Users\Jherson Silva\complytools-assistant\backend\complytools-assistant\src\main\java\com\complytools\dto\DashboardDTO.java
2026.04.25 01:11:37 INFO  no build target found for C:\Users\Jherson Silva\complytools-assistant\backend\complytools-assistant\src\main\java\com\complytools\dto\DashboardDTO.java. Using fallback presentation compiler.
2026.04.25 01:11:37 WARN  Running javac-semanticdb failed for file:///C:/Users/Jherson%20Silva/complytools-assistant/backend/complytools-assistant/src/main/java/com/complytools/dto/DashboardDTO.java. Output:

2026.04.25 01:11:38 INFO  no build target found for C:\Users\Jherson Silva\complytools-assistant\backend\complytools-assistant\src\main\java\com\complytools\dto\DashboardDTO.java. Using fallback presentation compiler.
2026.04.25 01:11:38 INFO  no build target found for C:\Users\Jherson Silva\complytools-assistant\backend\complytools-assistant\src\main\java\com\complytools\dto\DashboardDTO.java. Using fallback presentation compiler.
2026.04.25 01:11:38 INFO  no build target found for C:\Users\Jherson Silva\complytools-assistant\backend\complytools-assistant\src\main\java\com\complytools\dto\DashboardDTO.java. Using fallback presentation compiler.
abr 25, 2026 1:11:38 A. M. org.eclipse.lsp4j.jsonrpc.RemoteEndpoint handleCancellation
WARNING: Unmatched cancel notification for request id 526
2026.04.25 01:11:38 INFO  no build target found for C:\Users\Jherson Silva\complytools-assistant\backend\complytools-assistant\src\main\java\com\complytools\dto\DashboardDTO.java. Using fallback presentation compiler.
2026.04.25 01:11:39 WARN  Running javac-semanticdb failed for file:///C:/Users/Jherson%20Silva/complytools-assistant/backend/complytools-assistant/src/main/java/com/complytools/dto/DashboardDTO.java. Output:

2026.04.25 01:11:39 WARN  no build target for: C:\Users\Jherson Silva\complytools-assistant\backend\complytools-assistant\src\main\java\com\complytools\dto\DashboardDTO.java
2026.04.25 01:11:39 INFO  no build target found for C:\Users\Jherson Silva\complytools-assistant\backend\complytools-assistant\src\main\java\com\complytools\dto\DashboardDTO.java. Using fallback presentation compiler.
2026.04.25 01:11:40 INFO  no build target found for C:\Users\Jherson Silva\complytools-assistant\backend\complytools-assistant\src\main\java\com\complytools\dto\DashboardDTO.java. Using fallback presentation compiler.
2026.04.25 01:11:40 INFO  no build target found for C:\Users\Jherson Silva\complytools-assistant\backend\complytools-assistant\src\main\java\com\complytools\dto\DashboardDTO.java. Using fallback presentation compiler.
2026.04.25 01:11:40 INFO  no build target found for C:\Users\Jherson Silva\complytools-assistant\backend\complytools-assistant\src\main\java\com\complytools\dto\DashboardDTO.java. Using fallback presentation compiler.
2026.04.25 01:11:40 INFO  no build target found for C:\Users\Jherson Silva\complytools-assistant\backend\complytools-assistant\src\main\java\com\complytools\dto\DashboardDTO.java. Using fallback presentation compiler.
2026.04.25 01:11:40 INFO  no build target found for C:\Users\Jherson Silva\complytools-assistant\backend\complytools-assistant\src\main\java\com\complytools\dto\DashboardDTO.java. Using fallback presentation compiler.
2026.04.25 01:11:41 INFO  no build target found for C:\Users\Jherson Silva\complytools-assistant\backend\complytools-assistant\src\main\java\com\complytools\dto\DashboardDTO.java. Using fallback presentation compiler.
2026.04.25 01:11:41 WARN  Running javac-semanticdb failed for file:///C:/Users/Jherson%20Silva/complytools-assistant/backend/complytools-assistant/src/main/java/com/complytools/dto/DashboardDTO.java. Output:

2026.04.25 01:11:41 INFO  no build target found for C:\Users\Jherson Silva\complytools-assistant\backend\complytools-assistant\src\main\java\com\complytools\dto\DashboardDTO.java. Using fallback presentation compiler.
2026.04.25 01:11:42 WARN  no build target for: C:\Users\Jherson Silva\complytools-assistant\backend\complytools-assistant\src\main\java\com\complytools\dto\DashboardDTO.java
2026.04.25 01:11:42 INFO  no build target found for C:\Users\Jherson Silva\complytools-assistant\backend\complytools-assistant\src\main\java\com\complytools\dto\DashboardDTO.java. Using fallback presentation compiler.
2026.04.25 01:11:50 INFO  no build target found for C:\Users\Jherson Silva\complytools-assistant\backend\complytools-assistant\src\main\java\com\complytools\repository\CaseRepository.java. Using fallback presentation compiler.
2026.04.25 01:11:59 WARN  no build target for: C:\Users\Jherson Silva\complytools-assistant\backend\complytools-assistant\src\main\java\com\complytools\service\CaseService.java
2026.04.25 01:11:59 WARN  Running javac-semanticdb failed for file:///C:/Users/Jherson%20Silva/complytools-assistant/backend/complytools-assistant/src/main/java/com/complytools/service/CaseService.java. Output:

2026.04.25 01:11:59 INFO  no build target found for C:\Users\Jherson Silva\complytools-assistant\backend\complytools-assistant\src\main\java\com\complytools\service\CaseService.java. Using fallback presentation compiler.
2026.04.25 01:12:00 INFO  no build target found for C:\Users\Jherson Silva\complytools-assistant\backend\complytools-assistant\src\main\java\com\complytools\service\CaseService.java. Using fallback presentation compiler.
2026.04.25 01:12:00 INFO  no build target found for C:\Users\Jherson Silva\complytools-assistant\backend\complytools-assistant\src\main\java\com\complytools\service\CaseService.java. Using fallback presentation compiler.
2026.04.25 01:12:00 INFO  no build target found for C:\Users\Jherson Silva\complytools-assistant\backend\complytools-assistant\src\main\java\com\complytools\service\CaseService.java. Using fallback presentation compiler.
2026.04.25 01:12:00 INFO  no build target found for C:\Users\Jherson Silva\complytools-assistant\backend\complytools-assistant\src\main\java\com\complytools\service\CaseService.java. Using fallback presentation compiler.
2026.04.25 01:12:00 WARN  Running javac-semanticdb failed for file:///C:/Users/Jherson%20Silva/complytools-assistant/backend/complytools-assistant/src/main/java/com/complytools/service/CaseService.java. Output:

2026.04.25 01:12:00 WARN  no build target for: C:\Users\Jherson Silva\complytools-assistant\backend\complytools-assistant\src\main\java\com\complytools\service\CaseService.java
2026.04.25 01:12:01 INFO  no build target found for C:\Users\Jherson Silva\complytools-assistant\backend\complytools-assistant\src\main\java\com\complytools\service\CaseService.java. Using fallback presentation compiler.
2026.04.25 01:12:06 INFO  no build target found for C:\Users\Jherson Silva\complytools-assistant\backend\complytools-assistant\src\main\java\com\complytools\service\CaseService.java. Using fallback presentation compiler.
2026.04.25 01:12:06 INFO  no build target found for C:\Users\Jherson Silva\complytools-assistant\backend\complytools-assistant\src\main\java\com\complytools\service\CaseService.java. Using fallback presentation compiler.
2026.04.25 01:12:06 INFO  no build target found for C:\Users\Jherson Silva\complytools-assistant\backend\complytools-assistant\src\main\java\com\complytools\service\CaseService.java. Using fallback presentation compiler.
2026.04.25 01:12:06 INFO  no build target found for C:\Users\Jherson Silva\complytools-assistant\backend\complytools-assistant\src\main\java\com\complytools\service\CaseService.java. Using fallback presentation compiler.
2026.04.25 01:12:07 INFO  no build target found for C:\Users\Jherson Silva\complytools-assistant\backend\complytools-assistant\src\main\java\com\complytools\service\CaseService.java. Using fallback presentation compiler.
2026.04.25 01:12:07 INFO  no build target found for C:\Users\Jherson Silva\complytools-assistant\backend\complytools-assistant\src\main\java\com\complytools\service\CaseService.java. Using fallback presentation compiler.
2026.04.25 01:12:07 WARN  Running javac-semanticdb failed for file:///C:/Users/Jherson%20Silva/complytools-assistant/backend/complytools-assistant/src/main/java/com/complytools/service/CaseService.java. Output:

2026.04.25 01:12:07 INFO  no build target found for C:\Users\Jherson Silva\complytools-assistant\backend\complytools-assistant\src\main\java\com\complytools\service\CaseService.java. Using fallback presentation compiler.
2026.04.25 01:12:07 INFO  no build target found for C:\Users\Jherson Silva\complytools-assistant\backend\complytools-assistant\src\main\java\com\complytools\service\CaseService.java. Using fallback presentation compiler.
2026.04.25 01:12:08 WARN  no build target for: C:\Users\Jherson Silva\complytools-assistant\backend\complytools-assistant\src\main\java\com\complytools\service\CaseService.java
2026.04.25 01:12:08 INFO  no build target found for C:\Users\Jherson Silva\complytools-assistant\backend\complytools-assistant\src\main\java\com\complytools\service\CaseService.java. Using fallback presentation compiler.
2026.04.25 01:12:09 INFO  no build target found for C:\Users\Jherson Silva\complytools-assistant\backend\complytools-assistant\src\main\java\com\complytools\service\CaseService.java. Using fallback presentation compiler.
2026.04.25 01:12:09 INFO  no build target found for C:\Users\Jherson Silva\complytools-assistant\backend\complytools-assistant\src\main\java\com\complytools\service\CaseService.java. Using fallback presentation compiler.
abr 25, 2026 1:12:09 A. M. org.eclipse.lsp4j.jsonrpc.RemoteEndpoint handleCancellation
WARNING: Unmatched cancel notification for request id 582
2026.04.25 01:12:11 INFO  no build target found for C:\Users\Jherson Silva\complytools-assistant\backend\complytools-assistant\src\main\java\com\complytools\service\CaseService.java. Using fallback presentation compiler.
2026.04.25 01:12:23 INFO  no build target found for C:\Users\Jherson Silva\complytools-assistant\backend\complytools-assistant\src\main\java\com\complytools\repository\SourceRepository.java. Using fallback presentation compiler.
2026.04.25 01:12:27 WARN  no build target for: C:\Users\Jherson Silva\complytools-assistant\backend\complytools-assistant\src\main\java\com\complytools\service\SourceService.java
2026.04.25 01:12:27 WARN  Running javac-semanticdb failed for file:///C:/Users/Jherson%20Silva/complytools-assistant/backend/complytools-assistant/src/main/java/com/complytools/service/SourceService.java. Output:

2026.04.25 01:12:27 INFO  no build target found for C:\Users\Jherson Silva\complytools-assistant\backend\complytools-assistant\src\main\java\com\complytools\service\SourceService.java. Using fallback presentation compiler.
2026.04.25 01:12:28 INFO  no build target found for C:\Users\Jherson Silva\complytools-assistant\backend\complytools-assistant\src\main\java\com\complytools\service\SourceService.java. Using fallback presentation compiler.
2026.04.25 01:12:28 INFO  no build target found for C:\Users\Jherson Silva\complytools-assistant\backend\complytools-assistant\src\main\java\com\complytools\service\SourceService.java. Using fallback presentation compiler.
2026.04.25 01:12:28 INFO  no build target found for C:\Users\Jherson Silva\complytools-assistant\backend\complytools-assistant\src\main\java\com\complytools\service\SourceService.java. Using fallback presentation compiler.
2026.04.25 01:12:28 INFO  no build target found for C:\Users\Jherson Silva\complytools-assistant\backend\complytools-assistant\src\main\java\com\complytools\service\SourceService.java. Using fallback presentation compiler.
2026.04.25 01:12:29 WARN  no build target for: C:\Users\Jherson Silva\complytools-assistant\backend\complytools-assistant\src\main\java\com\complytools\service\SourceService.java
2026.04.25 01:12:28 INFO  no build target found for C:\Users\Jherson Silva\complytools-assistant\backend\complytools-assistant\src\main\java\com\complytools\service\SourceService.java. Using fallback presentation compiler.
2026.04.25 01:12:29 WARN  Running javac-semanticdb failed for file:///C:/Users/Jherson%20Silva/complytools-assistant/backend/complytools-assistant/src/main/java/com/complytools/service/SourceService.java. Output:

2026.04.25 01:12:31 INFO  no build target found for C:\Users\Jherson Silva\complytools-assistant\backend\complytools-assistant\src\main\java\com\complytools\service\SourceService.java. Using fallback presentation compiler.
2026.04.25 01:12:31 INFO  no build target found for C:\Users\Jherson Silva\complytools-assistant\backend\complytools-assistant\src\main\java\com\complytools\service\SourceService.java. Using fallback presentation compiler.
2026.04.25 01:12:32 INFO  no build target found for C:\Users\Jherson Silva\complytools-assistant\backend\complytools-assistant\src\main\java\com\complytools\service\SourceService.java. Using fallback presentation compiler.
2026.04.25 01:12:32 INFO  no build target found for C:\Users\Jherson Silva\complytools-assistant\backend\complytools-assistant\src\main\java\com\complytools\service\SourceService.java. Using fallback presentation compiler.
abr 25, 2026 1:12:33 A. M. org.eclipse.lsp4j.jsonrpc.RemoteEndpoint handleCancellation
WARNING: Unmatched cancel notification for request id 608
2026.04.25 01:12:32 INFO  no build target found for C:\Users\Jherson Silva\complytools-assistant\backend\complytools-assistant\src\main\java\com\complytools\service\SourceService.java. Using fallback presentation compiler.
2026.04.25 01:12:33 INFO  no build target found for C:\Users\Jherson Silva\complytools-assistant\backend\complytools-assistant\src\main\java\com\complytools\service\SourceService.java. Using fallback presentation compiler.
2026.04.25 01:12:33 WARN  Running javac-semanticdb failed for file:///C:/Users/Jherson%20Silva/complytools-assistant/backend/complytools-assistant/src/main/java/com/complytools/service/SourceService.java. Output:

2026.04.25 01:12:33 WARN  no build target for: C:\Users\Jherson Silva\complytools-assistant\backend\complytools-assistant\src\main\java\com\complytools\service\SourceService.java
2026.04.25 01:12:33 INFO  no build target found for C:\Users\Jherson Silva\complytools-assistant\backend\complytools-assistant\src\main\java\com\complytools\service\SourceService.java. Using fallback presentation compiler.
2026.04.25 01:12:44 INFO  no build target found for C:\Users\Jherson Silva\complytools-assistant\backend\complytools-assistant\src\main\java\com\complytools\repository\AuditLogRepository.java. Using fallback presentation compiler.
2026.04.25 01:12:58 WARN  no build target for: C:\Users\Jherson Silva\complytools-assistant\backend\complytools-assistant\src\main\java\com\complytools\service\ExportService.java
2026.04.25 01:12:58 WARN  Running javac-semanticdb failed for file:///C:/Users/Jherson%20Silva/complytools-assistant/backend/complytools-assistant/src/main/java/com/complytools/service/ExportService.java. Output:

2026.04.25 01:12:58 INFO  no build target found for C:\Users\Jherson Silva\complytools-assistant\backend\complytools-assistant\src\main\java\com\complytools\service\ExportService.java. Using fallback presentation compiler.
2026.04.25 01:12:59 INFO  no build target found for C:\Users\Jherson Silva\complytools-assistant\backend\complytools-assistant\src\main\java\com\complytools\service\ExportService.java. Using fallback presentation compiler.
2026.04.25 01:12:59 INFO  no build target found for C:\Users\Jherson Silva\complytools-assistant\backend\complytools-assistant\src\main\java\com\complytools\service\ExportService.java. Using fallback presentation compiler.
2026.04.25 01:12:59 INFO  no build target found for C:\Users\Jherson Silva\complytools-assistant\backend\complytools-assistant\src\main\java\com\complytools\service\ExportService.java. Using fallback presentation compiler.
2026.04.25 01:12:59 INFO  no build target found for C:\Users\Jherson Silva\complytools-assistant\backend\complytools-assistant\src\main\java\com\complytools\service\ExportService.java. Using fallback presentation compiler.
2026.04.25 01:12:59 WARN  Running javac-semanticdb failed for file:///C:/Users/Jherson%20Silva/complytools-assistant/backend/complytools-assistant/src/main/java/com/complytools/service/ExportService.java. Output:

2026.04.25 01:12:59 WARN  no build target for: C:\Users\Jherson Silva\complytools-assistant\backend\complytools-assistant\src\main\java\com\complytools\service\ExportService.java
2026.04.25 01:13:00 INFO  no build target found for C:\Users\Jherson Silva\complytools-assistant\backend\complytools-assistant\src\main\java\com\complytools\service\ExportService.java. Using fallback presentation compiler.
2026.04.25 01:13:01 INFO  no build target found for C:\Users\Jherson Silva\complytools-assistant\backend\complytools-assistant\src\main\java\com\complytools\service\ExportService.java. Using fallback presentation compiler.
2026.04.25 01:13:01 INFO  no build target found for C:\Users\Jherson Silva\complytools-assistant\backend\complytools-assistant\src\main\java\com\complytools\service\ExportService.java. Using fallback presentation compiler.
2026.04.25 01:13:01 INFO  no build target found for C:\Users\Jherson Silva\complytools-assistant\backend\complytools-assistant\src\main\java\com\complytools\service\ExportService.java. Using fallback presentation compiler.
2026.04.25 01:13:01 INFO  no build target found for C:\Users\Jherson Silva\complytools-assistant\backend\complytools-assistant\src\main\java\com\complytools\service\ExportService.java. Using fallback presentation compiler.
2026.04.25 01:13:01 INFO  no build target found for C:\Users\Jherson Silva\complytools-assistant\backend\complytools-assistant\src\main\java\com\complytools\service\ExportService.java. Using fallback presentation compiler.
2026.04.25 01:13:02 INFO  no build target found for C:\Users\Jherson Silva\complytools-assistant\backend\complytools-assistant\src\main\java\com\complytools\service\ExportService.java. Using fallback presentation compiler.
2026.04.25 01:13:02 WARN  Running javac-semanticdb failed for file:///C:/Users/Jherson%20Silva/complytools-assistant/backend/complytools-assistant/src/main/java/com/complytools/service/ExportService.java. Output:

2026.04.25 01:13:02 WARN  no build target for: C:\Users\Jherson Silva\complytools-assistant\backend\complytools-assistant\src\main\java\com\complytools\service\ExportService.java
2026.04.25 01:13:03 INFO  no build target found for C:\Users\Jherson Silva\complytools-assistant\backend\complytools-assistant\src\main\java\com\complytools\service\ExportService.java. Using fallback presentation compiler.
2026.04.25 01:13:19 WARN  no build target for: C:\Users\Jherson Silva\complytools-assistant\backend\complytools-assistant\src\main\java\com\complytools\controller\CaseController.java
2026.04.25 01:13:19 WARN  Running javac-semanticdb failed for file:///C:/Users/Jherson%20Silva/complytools-assistant/backend/complytools-assistant/src/main/java/com/complytools/controller/CaseController.java. Output:

2026.04.25 01:13:19 INFO  no build target found for C:\Users\Jherson Silva\complytools-assistant\backend\complytools-assistant\src\main\java\com\complytools\controller\CaseController.java. Using fallback presentation compiler.
2026.04.25 01:13:20 INFO  no build target found for C:\Users\Jherson Silva\complytools-assistant\backend\complytools-assistant\src\main\java\com\complytools\controller\CaseController.java. Using fallback presentation compiler.
2026.04.25 01:13:20 INFO  no build target found for C:\Users\Jherson Silva\complytools-assistant\backend\complytools-assistant\src\main\java\com\complytools\controller\CaseController.java. Using fallback presentation compiler.
2026.04.25 01:13:20 INFO  no build target found for C:\Users\Jherson Silva\complytools-assistant\backend\complytools-assistant\src\main\java\com\complytools\controller\CaseController.java. Using fallback presentation compiler.
2026.04.25 01:13:20 INFO  no build target found for C:\Users\Jherson Silva\complytools-assistant\backend\complytools-assistant\src\main\java\com\complytools\controller\CaseController.java. Using fallback presentation compiler.
2026.04.25 01:13:21 WARN  no build target for: C:\Users\Jherson Silva\complytools-assistant\backend\complytools-assistant\src\main\java\com\complytools\controller\CaseController.java
2026.04.25 01:13:20 INFO  no build target found for C:\Users\Jherson Silva\complytools-assistant\backend\complytools-assistant\src\main\java\com\complytools\controller\CaseController.java. Using fallback presentation compiler.
2026.04.25 01:13:21 WARN  Running javac-semanticdb failed for file:///C:/Users/Jherson%20Silva/complytools-assistant/backend/complytools-assistant/src/main/java/com/complytools/controller/CaseController.java. Output:

2026.04.25 01:13:21 INFO  no build target found for C:\Users\Jherson Silva\complytools-assistant\backend\complytools-assistant\src\main\java\com\complytools\controller\CaseController.java. Using fallback presentation compiler.
2026.04.25 01:13:21 INFO  no build target found for C:\Users\Jherson Silva\complytools-assistant\backend\complytools-assistant\src\main\java\com\complytools\controller\CaseController.java. Using fallback presentation compiler.
2026.04.25 01:13:21 INFO  no build target found for C:\Users\Jherson Silva\complytools-assistant\backend\complytools-assistant\src\main\java\com\complytools\controller\CaseController.java. Using fallback presentation compiler.
2026.04.25 01:13:21 INFO  no build target found for C:\Users\Jherson Silva\complytools-assistant\backend\complytools-assistant\src\main\java\com\complytools\controller\CaseController.java. Using fallback presentation compiler.
2026.04.25 01:13:22 INFO  no build target found for C:\Users\Jherson Silva\complytools-assistant\backend\complytools-assistant\src\main\java\com\complytools\controller\CaseController.java. Using fallback presentation compiler.
2026.04.25 01:13:22 INFO  no build target found for C:\Users\Jherson Silva\complytools-assistant\backend\complytools-assistant\src\main\java\com\complytools\controller\CaseController.java. Using fallback presentation compiler.
2026.04.25 01:13:22 WARN  Running javac-semanticdb failed for file:///C:/Users/Jherson%20Silva/complytools-assistant/backend/complytools-assistant/src/main/java/com/complytools/controller/CaseController.java. Output:

2026.04.25 01:13:22 INFO  no build target found for C:\Users\Jherson Silva\complytools-assistant\backend\complytools-assistant\src\main\java\com\complytools\controller\CaseController.java. Using fallback presentation compiler.
2026.04.25 01:13:23 WARN  no build target for: C:\Users\Jherson Silva\complytools-assistant\backend\complytools-assistant\src\main\java\com\complytools\controller\CaseController.java
2026.04.25 01:13:23 INFO  no build target found for C:\Users\Jherson Silva\complytools-assistant\backend\complytools-assistant\src\main\java\com\complytools\controller\CaseController.java. Using fallback presentation compiler.
2026.04.25 01:13:26 INFO  no build target found for C:\Users\Jherson Silva\complytools-assistant\backend\complytools-assistant\src\main\java\com\complytools\dto\CaseRequestDTO.java. Using fallback presentation compiler.
2026.04.25 01:13:38 WARN  no build target for: C:\Users\Jherson Silva\complytools-assistant\backend\complytools-assistant\src\main\java\com\complytools\controller\SourceController.java
2026.04.25 01:13:38 WARN  Running javac-semanticdb failed for file:///C:/Users/Jherson%20Silva/complytools-assistant/backend/complytools-assistant/src/main/java/com/complytools/controller/SourceController.java. Output:

2026.04.25 01:13:38 INFO  no build target found for C:\Users\Jherson Silva\complytools-assistant\backend\complytools-assistant\src\main\java\com\complytools\controller\SourceController.java. Using fallback presentation compiler.
2026.04.25 01:13:39 INFO  no build target found for C:\Users\Jherson Silva\complytools-assistant\backend\complytools-assistant\src\main\java\com\complytools\controller\SourceController.java. Using fallback presentation compiler.
2026.04.25 01:13:39 INFO  no build target found for C:\Users\Jherson Silva\complytools-assistant\backend\complytools-assistant\src\main\java\com\complytools\controller\SourceController.java. Using fallback presentation compiler.
2026.04.25 01:13:39 INFO  no build target found for C:\Users\Jherson Silva\complytools-assistant\backend\complytools-assistant\src\main\java\com\complytools\controller\SourceController.java. Using fallback presentation compiler.
2026.04.25 01:13:39 INFO  no build target found for C:\Users\Jherson Silva\complytools-assistant\backend\complytools-assistant\src\main\java\com\complytools\controller\SourceController.java. Using fallback presentation compiler.
2026.04.25 01:13:39 WARN  no build target for: C:\Users\Jherson Silva\complytools-assistant\backend\complytools-assistant\src\main\java\com\complytools\controller\SourceController.java
2026.04.25 01:13:40 INFO  no build target found for C:\Users\Jherson Silva\complytools-assistant\backend\complytools-assistant\src\main\java\com\complytools\controller\SourceController.java. Using fallback presentation compiler.
2026.04.25 01:13:40 WARN  Running javac-semanticdb failed for file:///C:/Users/Jherson%20Silva/complytools-assistant/backend/complytools-assistant/src/main/java/com/complytools/controller/SourceController.java. Output:

2026.04.25 01:13:41 INFO  no build target found for C:\Users\Jherson Silva\complytools-assistant\backend\complytools-assistant\src\main\java\com\complytools\controller\SourceController.java. Using fallback presentation compiler.
2026.04.25 01:13:41 INFO  no build target found for C:\Users\Jherson Silva\complytools-assistant\backend\complytools-assistant\src\main\java\com\complytools\controller\SourceController.java. Using fallback presentation compiler.
2026.04.25 01:13:41 INFO  no build target found for C:\Users\Jherson Silva\complytools-assistant\backend\complytools-assistant\src\main\java\com\complytools\controller\SourceController.java. Using fallback presentation compiler.
2026.04.25 01:13:41 INFO  no build target found for C:\Users\Jherson Silva\complytools-assistant\backend\complytools-assistant\src\main\java\com\complytools\controller\SourceController.java. Using fallback presentation compiler.
2026.04.25 01:13:41 INFO  no build target found for C:\Users\Jherson Silva\complytools-assistant\backend\complytools-assistant\src\main\java\com\complytools\controller\SourceController.java. Using fallback presentation compiler.
2026.04.25 01:13:42 INFO  no build target found for C:\Users\Jherson Silva\complytools-assistant\backend\complytools-assistant\src\main\java\com\complytools\controller\SourceController.java. Using fallback presentation compiler.
2026.04.25 01:13:42 WARN  Running javac-semanticdb failed for file:///C:/Users/Jherson%20Silva/complytools-assistant/backend/complytools-assistant/src/main/java/com/complytools/controller/SourceController.java. Output:

2026.04.25 01:13:42 WARN  no build target for: C:\Users\Jherson Silva\complytools-assistant\backend\complytools-assistant\src\main\java\com\complytools\controller\SourceController.java
2026.04.25 01:13:42 INFO  no build target found for C:\Users\Jherson Silva\complytools-assistant\backend\complytools-assistant\src\main\java\com\complytools\controller\SourceController.java. Using fallback presentation compiler.
2026.04.25 01:13:42 INFO  no build target found for C:\Users\Jherson Silva\complytools-assistant\backend\complytools-assistant\src\main\java\com\complytools\controller\SourceController.java. Using fallback presentation compiler.
2026.04.25 01:13:45 INFO  no build target found for C:\Users\Jherson Silva\complytools-assistant\backend\complytools-assistant\src\main\java\com\complytools\dto\CaseResponseDTO.java. Using fallback presentation compiler.
2026.04.25 01:13:54 WARN  no build target for: C:\Users\Jherson Silva\complytools-assistant\backend\complytools-assistant\src\main\java\com\complytools\controller\ExportController.java
2026.04.25 01:13:54 WARN  Running javac-semanticdb failed for file:///C:/Users/Jherson%20Silva/complytools-assistant/backend/complytools-assistant/src/main/java/com/complytools/controller/ExportController.java. Output:

2026.04.25 01:13:54 INFO  no build target found for C:\Users\Jherson Silva\complytools-assistant\backend\complytools-assistant\src\main\java\com\complytools\controller\ExportController.java. Using fallback presentation compiler.
2026.04.25 01:13:55 INFO  no build target found for C:\Users\Jherson Silva\complytools-assistant\backend\complytools-assistant\src\main\java\com\complytools\controller\ExportController.java. Using fallback presentation compiler.
2026.04.25 01:13:55 INFO  no build target found for C:\Users\Jherson Silva\complytools-assistant\backend\complytools-assistant\src\main\java\com\complytools\controller\ExportController.java. Using fallback presentation compiler.
2026.04.25 01:13:55 INFO  no build target found for C:\Users\Jherson Silva\complytools-assistant\backend\complytools-assistant\src\main\java\com\complytools\controller\ExportController.java. Using fallback presentation compiler.
2026.04.25 01:13:55 INFO  no build target found for C:\Users\Jherson Silva\complytools-assistant\backend\complytools-assistant\src\main\java\com\complytools\controller\ExportController.java. Using fallback presentation compiler.
2026.04.25 01:13:55 WARN  Running javac-semanticdb failed for file:///C:/Users/Jherson%20Silva/complytools-assistant/backend/complytools-assistant/src/main/java/com/complytools/controller/ExportController.java. Output:

2026.04.25 01:13:56 WARN  no build target for: C:\Users\Jherson Silva\complytools-assistant\backend\complytools-assistant\src\main\java\com\complytools\controller\ExportController.java
2026.04.25 01:13:56 INFO  no build target found for C:\Users\Jherson Silva\complytools-assistant\backend\complytools-assistant\src\main\java\com\complytools\controller\ExportController.java. Using fallback presentation compiler.
2026.04.25 01:13:57 INFO  no build target found for C:\Users\Jherson Silva\complytools-assistant\backend\complytools-assistant\src\main\java\com\complytools\controller\ExportController.java. Using fallback presentation compiler.
2026.04.25 01:13:57 INFO  no build target found for C:\Users\Jherson Silva\complytools-assistant\backend\complytools-assistant\src\main\java\com\complytools\controller\ExportController.java. Using fallback presentation compiler.
2026.04.25 01:13:59 INFO  no build target found for C:\Users\Jherson Silva\complytools-assistant\backend\complytools-assistant\src\main\java\com\complytools\controller\ExportController.java. Using fallback presentation compiler.
2026.04.25 01:13:59 INFO  no build target found for C:\Users\Jherson Silva\complytools-assistant\backend\complytools-assistant\src\main\java\com\complytools\controller\ExportController.java. Using fallback presentation compiler.
2026.04.25 01:13:59 INFO  no build target found for C:\Users\Jherson Silva\complytools-assistant\backend\complytools-assistant\src\main\java\com\complytools\controller\ExportController.java. Using fallback presentation compiler.
2026.04.25 01:13:59 INFO  no build target found for C:\Users\Jherson Silva\complytools-assistant\backend\complytools-assistant\src\main\java\com\complytools\controller\ExportController.java. Using fallback presentation compiler.
2026.04.25 01:13:59 WARN  Running javac-semanticdb failed for file:///C:/Users/Jherson%20Silva/complytools-assistant/backend/complytools-assistant/src/main/java/com/complytools/controller/ExportController.java. Output:

2026.04.25 01:13:59 WARN  no build target for: C:\Users\Jherson Silva\complytools-assistant\backend\complytools-assistant\src\main\java\com\complytools\controller\ExportController.java
2026.04.25 01:14:00 INFO  no build target found for C:\Users\Jherson Silva\complytools-assistant\backend\complytools-assistant\src\main\java\com\complytools\controller\ExportController.java. Using fallback presentation compiler.
2026.04.25 01:14:00 INFO  no build target found for C:\Users\Jherson Silva\complytools-assistant\backend\complytools-assistant\src\main\java\com\complytools\dto\SourceRequestDTO.java. Using fallback presentation compiler.
2026.04.25 01:14:21 WARN  no build target for: C:\Users\Jherson Silva\complytools-assistant\backend\complytools-assistant\src\main\java\com\complytools\exception\GlobalExceptionHandler.java
2026.04.25 01:14:21 WARN  Running javac-semanticdb failed for file:///C:/Users/Jherson%20Silva/complytools-assistant/backend/complytools-assistant/src/main/java/com/complytools/exception/GlobalExceptionHandler.java. Output:

2026.04.25 01:14:21 INFO  no build target found for C:\Users\Jherson Silva\complytools-assistant\backend\complytools-assistant\src\main\java\com\complytools\exception\GlobalExceptionHandler.java. Using fallback presentation compiler.
2026.04.25 01:14:21 INFO  no build target found for C:\Users\Jherson Silva\complytools-assistant\backend\complytools-assistant\src\main\java\com\complytools\exception\GlobalExceptionHandler.java. Using fallback presentation compiler.
2026.04.25 01:14:21 INFO  no build target found for C:\Users\Jherson Silva\complytools-assistant\backend\complytools-assistant\src\main\java\com\complytools\exception\GlobalExceptionHandler.java. Using fallback presentation compiler.
2026.04.25 01:14:21 INFO  no build target found for C:\Users\Jherson Silva\complytools-assistant\backend\complytools-assistant\src\main\java\com\complytools\exception\GlobalExceptionHandler.java. Using fallback presentation compiler.
2026.04.25 01:14:22 WARN  Running javac-semanticdb failed for file:///C:/Users/Jherson%20Silva/complytools-assistant/backend/complytools-assistant/src/main/java/com/complytools/exception/GlobalExceptionHandler.java. Output:

2026.04.25 01:14:22 INFO  no build target found for C:\Users\Jherson Silva\complytools-assistant\backend\complytools-assistant\src\main\java\com\complytools\exception\GlobalExceptionHandler.java. Using fallback presentation compiler.
2026.04.25 01:14:23 WARN  no build target for: C:\Users\Jherson Silva\complytools-assistant\backend\complytools-assistant\src\main\java\com\complytools\exception\GlobalExceptionHandler.java
2026.04.25 01:14:23 INFO  no build target found for C:\Users\Jherson Silva\complytools-assistant\backend\complytools-assistant\src\main\java\com\complytools\exception\GlobalExceptionHandler.java. Using fallback presentation compiler.
2026.04.25 01:14:23 INFO  no build target found for C:\Users\Jherson Silva\complytools-assistant\backend\complytools-assistant\src\main\java\com\complytools\exception\GlobalExceptionHandler.java. Using fallback presentation compiler.
2026.04.25 01:14:23 INFO  no build target found for C:\Users\Jherson Silva\complytools-assistant\backend\complytools-assistant\src\main\java\com\complytools\exception\GlobalExceptionHandler.java. Using fallback presentation compiler.
2026.04.25 01:14:23 INFO  no build target found for C:\Users\Jherson Silva\complytools-assistant\backend\complytools-assistant\src\main\java\com\complytools\exception\GlobalExceptionHandler.java. Using fallback presentation compiler.
2026.04.25 01:14:23 INFO  no build target found for C:\Users\Jherson Silva\complytools-assistant\backend\complytools-assistant\src\main\java\com\complytools\exception\GlobalExceptionHandler.java. Using fallback presentation compiler.
2026.04.25 01:14:23 INFO  no build target found for C:\Users\Jherson Silva\complytools-assistant\backend\complytools-assistant\src\main\java\com\complytools\dto\SourceResponseDTO.java. Using fallback presentation compiler.
2026.04.25 01:14:23 INFO  no build target found for C:\Users\Jherson Silva\complytools-assistant\backend\complytools-assistant\src\main\java\com\complytools\exception\GlobalExceptionHandler.java. Using fallback presentation compiler.
2026.04.25 01:14:24 INFO  no build target found for C:\Users\Jherson Silva\complytools-assistant\backend\complytools-assistant\src\main\java\com\complytools\exception\GlobalExceptionHandler.java. Using fallback presentation compiler.
2026.04.25 01:14:24 WARN  Running javac-semanticdb failed for file:///C:/Users/Jherson%20Silva/complytools-assistant/backend/complytools-assistant/src/main/java/com/complytools/exception/GlobalExceptionHandler.java. Output:

2026.04.25 01:14:25 WARN  no build target for: C:\Users\Jherson Silva\complytools-assistant\backend\complytools-assistant\src\main\java\com\complytools\exception\GlobalExceptionHandler.java
2026.04.25 01:14:25 INFO  no build target found for C:\Users\Jherson Silva\complytools-assistant\backend\complytools-assistant\src\main\java\com\complytools\exception\GlobalExceptionHandler.java. Using fallback presentation compiler.
2026.04.25 01:14:37 INFO  no build target found for C:\Users\Jherson Silva\complytools-assistant\backend\complytools-assistant\src\main\java\com\complytools\dto\DashboardDTO.java. Using fallback presentation compiler.
2026.04.25 01:14:49 WARN  no build target for: C:\Users\Jherson Silva\complytools-assistant\backend\complytools-assistant\src\main\java\com\complytools\config\SecurityConfig.java
2026.04.25 01:14:49 WARN  Running javac-semanticdb failed for file:///C:/Users/Jherson%20Silva/complytools-assistant/backend/complytools-assistant/src/main/java/com/complytools/config/SecurityConfig.java. Output:

2026.04.25 01:14:49 INFO  no build target found for C:\Users\Jherson Silva\complytools-assistant\backend\complytools-assistant\src\main\java\com\complytools\config\SecurityConfig.java. Using fallback presentation compiler.
2026.04.25 01:14:50 INFO  no build target found for C:\Users\Jherson Silva\complytools-assistant\backend\complytools-assistant\src\main\java\com\complytools\config\SecurityConfig.java. Using fallback presentation compiler.
2026.04.25 01:14:50 INFO  no build target found for C:\Users\Jherson Silva\complytools-assistant\backend\complytools-assistant\src\main\java\com\complytools\config\SecurityConfig.java. Using fallback presentation compiler.
2026.04.25 01:14:50 INFO  no build target found for C:\Users\Jherson Silva\complytools-assistant\backend\complytools-assistant\src\main\java\com\complytools\config\SecurityConfig.java. Using fallback presentation compiler.
2026.04.25 01:14:49 INFO  no build target found for C:\Users\Jherson Silva\complytools-assistant\backend\complytools-assistant\src\main\java\com\complytools\config\SecurityConfig.java. Using fallback presentation compiler.
2026.04.25 01:14:51 WARN  Running javac-semanticdb failed for file:///C:/Users/Jherson%20Silva/complytools-assistant/backend/complytools-assistant/src/main/java/com/complytools/config/SecurityConfig.java. Output:

2026.04.25 01:14:51 WARN  no build target for: C:\Users\Jherson Silva\complytools-assistant\backend\complytools-assistant\src\main\java\com\complytools\config\SecurityConfig.java
2026.04.25 01:14:51 INFO  no build target found for C:\Users\Jherson Silva\complytools-assistant\backend\complytools-assistant\src\main\java\com\complytools\config\SecurityConfig.java. Using fallback presentation compiler.
2026.04.25 01:14:55 INFO  no build target found for C:\Users\Jherson Silva\complytools-assistant\backend\complytools-assistant\src\main\java\com\complytools\config\SecurityConfig.java. Using fallback presentation compiler.
2026.04.25 01:14:55 INFO  no build target found for C:\Users\Jherson Silva\complytools-assistant\backend\complytools-assistant\src\main\java\com\complytools\config\SecurityConfig.java. Using fallback presentation compiler.
2026.04.25 01:14:55 INFO  no build target found for C:\Users\Jherson Silva\complytools-assistant\backend\complytools-assistant\src\main\java\com\complytools\config\SecurityConfig.java. Using fallback presentation compiler.
2026.04.25 01:14:55 INFO  no build target found for C:\Users\Jherson Silva\complytools-assistant\backend\complytools-assistant\src\main\java\com\complytools\config\SecurityConfig.java. Using fallback presentation compiler.
2026.04.25 01:14:55 INFO  no build target found for C:\Users\Jherson Silva\complytools-assistant\backend\complytools-assistant\src\main\java\com\complytools\config\SecurityConfig.java. Using fallback presentation compiler.
2026.04.25 01:14:56 INFO  no build target found for C:\Users\Jherson Silva\complytools-assistant\backend\complytools-assistant\src\main\java\com\complytools\config\SecurityConfig.java. Using fallback presentation compiler.
2026.04.25 01:14:56 WARN  Running javac-semanticdb failed for file:///C:/Users/Jherson%20Silva/complytools-assistant/backend/complytools-assistant/src/main/java/com/complytools/config/SecurityConfig.java. Output:

2026.04.25 01:14:57 INFO  no build target found for C:\Users\Jherson Silva\complytools-assistant\backend\complytools-assistant\src\main\java\com\complytools\config\SecurityConfig.java. Using fallback presentation compiler.
2026.04.25 01:14:57 WARN  no build target for: C:\Users\Jherson Silva\complytools-assistant\backend\complytools-assistant\src\main\java\com\complytools\config\SecurityConfig.java
2026.04.25 01:14:57 INFO  no build target found for C:\Users\Jherson Silva\complytools-assistant\backend\complytools-assistant\src\main\java\com\complytools\config\SecurityConfig.java. Using fallback presentation compiler.
2026.04.25 01:14:57 INFO  no build target found for C:\Users\Jherson Silva\complytools-assistant\backend\complytools-assistant\src\main\java\com\complytools\config\SecurityConfig.java. Using fallback presentation compiler.
2026.04.25 01:14:57 INFO  no build target found for C:\Users\Jherson Silva\complytools-assistant\backend\complytools-assistant\src\main\java\com\complytools\config\SecurityConfig.java. Using fallback presentation compiler.
2026.04.25 01:14:59 INFO  no build target found for C:\Users\Jherson Silva\complytools-assistant\backend\complytools-assistant\src\main\java\com\complytools\service\CaseService.java. Using fallback presentation compiler.
2026.04.25 01:15:05 INFO  no build target found for C:\Users\Jherson Silva\complytools-assistant\backend\complytools-assistant\src\main\java\com\complytools\config\SecurityConfig.java. Using fallback presentation compiler.
2026.04.25 01:15:05 INFO  no build target found for C:\Users\Jherson Silva\complytools-assistant\backend\complytools-assistant\src\main\java\com\complytools\config\SecurityConfig.java. Using fallback presentation compiler.
2026.04.25 01:15:24 WARN  no build target for: C:\Users\Jherson Silva\complytools-assistant\backend\complytools-assistant\src\main\java\com\complytools\model\Source.java
2026.04.25 01:15:24 INFO  no build target found for C:\Users\Jherson Silva\complytools-assistant\backend\complytools-assistant\src\main\java\com\complytools\model\Source.java. Using fallback presentation compiler.
2026.04.25 01:15:24 WARN  Running javac-semanticdb failed for file:///C:/Users/Jherson%20Silva/complytools-assistant/backend/complytools-assistant/src/main/java/com/complytools/model/Source.java. Output:

2026.04.25 01:15:24 INFO  no build target found for C:\Users\Jherson Silva\complytools-assistant\backend\complytools-assistant\src\main\java\com\complytools\model\Source.java. Using fallback presentation compiler.
2026.04.25 01:15:24 INFO  no build target found for C:\Users\Jherson Silva\complytools-assistant\backend\complytools-assistant\src\main\java\com\complytools\model\Source.java. Using fallback presentation compiler.
abr 25, 2026 1:15:24 A. M. org.eclipse.lsp4j.jsonrpc.RemoteEndpoint handleCancellation
WARNING: Unmatched cancel notification for request id 806
2026.04.25 01:15:24 INFO  no build target found for C:\Users\Jherson Silva\complytools-assistant\backend\complytools-assistant\src\main\java\com\complytools\model\Source.java. Using fallback presentation compiler.
2026.04.25 01:15:25 INFO  no build target found for C:\Users\Jherson Silva\complytools-assistant\backend\complytools-assistant\src\main\java\com\complytools\model\Source.java. Using fallback presentation compiler.
2026.04.25 01:15:24 INFO  no build target found for C:\Users\Jherson Silva\complytools-assistant\backend\complytools-assistant\src\main\java\com\complytools\model\Source.java. Using fallback presentation compiler.
2026.04.25 01:15:24 INFO  no build target found for C:\Users\Jherson Silva\complytools-assistant\backend\complytools-assistant\src\main\java\com\complytools\model\Source.java. Using fallback presentation compiler.
2026.04.25 01:15:26 INFO  no build target found for C:\Users\Jherson Silva\complytools-assistant\backend\complytools-assistant\src\main\java\com\complytools\model\Source.java. Using fallback presentation compiler.
2026.04.25 01:15:26 INFO  no build target found for C:\Users\Jherson Silva\complytools-assistant\backend\complytools-assistant\src\main\java\com\complytools\model\Source.java. Using fallback presentation compiler.
2026.04.25 01:15:26 INFO  no build target found for C:\Users\Jherson Silva\complytools-assistant\backend\complytools-assistant\src\main\java\com\complytools\service\SourceService.java. Using fallback presentation compiler.
2026.04.25 01:15:28 INFO  no build target found for C:\Users\Jherson Silva\complytools-assistant\backend\complytools-assistant\src\main\java\com\complytools\model\Source.java. Using fallback presentation compiler.
2026.04.25 01:15:33 INFO  no build target found for C:\Users\Jherson Silva\complytools-assistant\backend\complytools-assistant\src\main\java\com\complytools\model\Source.java. Using fallback presentation compiler.
2026.04.25 01:15:33 WARN  no build target for: C:\Users\Jherson Silva\complytools-assistant\backend\complytools-assistant\src\main\java\com\complytools\model\User.java
2026.04.25 01:15:33 INFO  no build target found for C:\Users\Jherson Silva\complytools-assistant\backend\complytools-assistant\src\main\java\com\complytools\model\User.java. Using fallback presentation compiler.
2026.04.25 01:15:34 WARN  Running javac-semanticdb failed for file:///C:/Users/Jherson%20Silva/complytools-assistant/backend/complytools-assistant/src/main/java/com/complytools/model/User.java. Output:

abr 25, 2026 1:15:34 A. M. org.eclipse.lsp4j.jsonrpc.RemoteEndpoint handleCancellation
WARNING: Unmatched cancel notification for request id 825
2026.04.25 01:15:33 INFO  no build target found for C:\Users\Jherson Silva\complytools-assistant\backend\complytools-assistant\src\main\java\com\complytools\model\User.java. Using fallback presentation compiler.
2026.04.25 01:15:33 INFO  no build target found for C:\Users\Jherson Silva\complytools-assistant\backend\complytools-assistant\src\main\java\com\complytools\model\User.java. Using fallback presentation compiler.
2026.04.25 01:15:33 INFO  no build target found for C:\Users\Jherson Silva\complytools-assistant\backend\complytools-assistant\src\main\java\com\complytools\model\User.java. Using fallback presentation compiler.
2026.04.25 01:15:34 INFO  no build target found for C:\Users\Jherson Silva\complytools-assistant\backend\complytools-assistant\src\main\java\com\complytools\model\User.java. Using fallback presentation compiler.
2026.04.25 01:15:33 INFO  no build target found for C:\Users\Jherson Silva\complytools-assistant\backend\complytools-assistant\src\main\java\com\complytools\model\User.java. Using fallback presentation compiler.
2026.04.25 01:15:58 INFO  no build target found for C:\Users\Jherson Silva\complytools-assistant\backend\complytools-assistant\src\main\java\com\complytools\service\ExportService.java. Using fallback presentation compiler.
abr 25, 2026 1:16:02 A. M. org.eclipse.lsp4j.jsonrpc.services.GenericEndpoint notify
INFO: Unsupported notification method: $/setTrace
abr 25, 2026 1:16:09 A. M. org.eclipse.lsp4j.jsonrpc.services.GenericEndpoint notify
INFO: Unsupported notification method: $/setTrace
2026.04.25 01:16:19 INFO  no build target found for C:\Users\Jherson Silva\complytools-assistant\backend\complytools-assistant\src\main\java\com\complytools\controller\CaseController.java. Using fallback presentation compiler.
2026.04.25 01:16:38 INFO  no build target found for C:\Users\Jherson Silva\complytools-assistant\backend\complytools-assistant\src\main\java\com\complytools\controller\SourceController.java. Using fallback presentation compiler.
2026.04.25 01:16:54 INFO  no build target found for C:\Users\Jherson Silva\complytools-assistant\backend\complytools-assistant\src\main\java\com\complytools\controller\ExportController.java. Using fallback presentation compiler.
2026.04.25 01:17:21 INFO  no build target found for C:\Users\Jherson Silva\complytools-assistant\backend\complytools-assistant\src\main\java\com\complytools\exception\GlobalExceptionHandler.java. Using fallback presentation compiler.
2026.04.25 01:19:25 INFO  no build target found for C:\Users\Jherson Silva\complytools-assistant\backend\complytools-assistant\src\main\java\com\complytools\model\User.java. Using fallback presentation compiler.
2026.04.25 01:19:32 INFO  no build target found for C:\Users\Jherson Silva\complytools-assistant\backend\complytools-assistant\src\main\java\com\complytools\model\User.java. Using fallback presentation compiler.
2026.04.25 01:22:06 INFO  no build target found for C:\Users\Jherson Silva\complytools-assistant\backend\complytools-assistant\src\main\java\com\complytools\config\SecurityConfig.java. Using fallback presentation compiler.
2026.04.25 01:22:06 WARN  no build target for: C:\Users\Jherson Silva\complytools-assistant\backend\complytools-assistant\src\main\java\com\complytools\config\SecurityConfig.java
2026.04.25 01:22:06 INFO  no build target found for C:\Users\Jherson Silva\complytools-assistant\backend\complytools-assistant\src\main\java\com\complytools\config\SecurityConfig.java. Using fallback presentation compiler.
2026.04.25 01:22:06 INFO  no build target found for C:\Users\Jherson Silva\complytools-assistant\backend\complytools-assistant\src\main\java\com\complytools\config\SecurityConfig.java. Using fallback presentation compiler.
2026.04.25 01:22:06 INFO  no build target found for C:\Users\Jherson Silva\complytools-assistant\backend\complytools-assistant\src\main\java\com\complytools\config\SecurityConfig.java. Using fallback presentation compiler.
2026.04.25 01:22:06 INFO  no build target found for C:\Users\Jherson Silva\complytools-assistant\backend\complytools-assistant\src\main\java\com\complytools\config\SecurityConfig.java. Using fallback presentation compiler.
2026.04.25 01:22:06 INFO  no build target found for C:\Users\Jherson Silva\complytools-assistant\backend\complytools-assistant\src\main\java\com\complytools\config\SecurityConfig.java. Using fallback presentation compiler.
2026.04.25 01:22:08 INFO  no build target found for C:\Users\Jherson Silva\complytools-assistant\backend\complytools-assistant\src\main\java\com\complytools\config\SecurityConfig.java. Using fallback presentation compiler.
2026.04.25 01:45:31 INFO  Shutting down server
2026.04.25 01:45:31 INFO  Memory monitor stopped
2026.04.25 01:45:31 INFO  shutting down Metals
2026.04.25 01:45:31 INFO  Exiting server
2026.04.25 11:12:24 INFO  Started: Metals version 1.6.7 in folders 'C:\Users\Jherson Silva\complytools-assistant' for client Visual Studio Code 1.116.0.
2026.04.25 11:12:24 INFO  Memory monitor started
2026.04.25 11:12:25 WARN  Using H2 2.4.240 which is newer than the version Flyway has been verified with. The latest verified version of H2 is 2.3.232.
2026.04.25 11:12:25 INFO  no build target found for C:\Users\Jherson Silva\complytools-assistant\backend\complytools-assistant\src\main\java\com\complytools\config\SecurityConfig.java. Using fallback presentation compiler.
2026.04.25 11:12:26 INFO  no build target found for C:\Users\Jherson Silva\complytools-assistant\backend\complytools-assistant\src\main\java\com\complytools\config\SecurityConfig.java. Using fallback presentation compiler.
2026.04.25 11:12:26 INFO  no build target found for C:\Users\Jherson Silva\complytools-assistant\backend\complytools-assistant\src\main\java\com\complytools\config\SecurityConfig.java. Using fallback presentation compiler.
2026.04.25 11:12:30 WARN  no build tool detected in workspace 'C:\Users\Jherson Silva\complytools-assistant'. The most common cause for this problem is that the editor was opened in the wrong working directory, for example if you use sbt then the workspace directory should contain build.sbt. 
2026.04.25 11:12:30 WARN  Build server is not auto-connectable.
2026.04.25 11:12:30 WARN  no build target for: C:\Users\Jherson Silva\complytools-assistant\backend\complytools-assistant\src\main\java\com\complytools\config\SecurityConfig.java
2026.04.25 11:12:31 WARN  Running javac-semanticdb failed for file:///C:/Users/Jherson%20Silva/complytools-assistant/backend/complytools-assistant/src/main/java/com/complytools/config/SecurityConfig.java. Output:

2026.04.25 11:17:18 INFO  no build target found for C:\Users\Jherson Silva\complytools-assistant\backend\complytools-assistant\src\main\java\com\complytools\config\SecurityConfig.java. Using fallback presentation compiler.
abr 25, 2026 11:17:32 A. M. org.eclipse.lsp4j.jsonrpc.services.GenericEndpoint notify
INFO: Unsupported notification method: $/setTrace
2026.04.25 11:17:52 WARN  no build target for: C:\Users\Jherson Silva\complytools-assistant\backend\complytools-assistant\src\main\java\com\complytools\config\SecurityConfig.java
2026.04.25 11:17:52 INFO  no build target found for C:\Users\Jherson Silva\complytools-assistant\backend\complytools-assistant\src\main\java\com\complytools\config\SecurityConfig.java. Using fallback presentation compiler.
abr 25, 2026 11:17:52 A. M. org.eclipse.lsp4j.jsonrpc.RemoteEndpoint handleCancellation
WARNING: Unmatched cancel notification for request id 11
2026.04.25 11:17:52 INFO  no build target found for C:\Users\Jherson Silva\complytools-assistant\backend\complytools-assistant\src\main\java\com\complytools\config\SecurityConfig.java. Using fallback presentation compiler.
2026.04.25 11:17:52 INFO  no build target found for C:\Users\Jherson Silva\complytools-assistant\backend\complytools-assistant\src\main\java\com\complytools\config\SecurityConfig.java. Using fallback presentation compiler.
2026.04.25 11:17:52 WARN  Running javac-semanticdb failed for file:///C:/Users/Jherson%20Silva/complytools-assistant/backend/complytools-assistant/src/main/java/com/complytools/config/SecurityConfig.java. Output:

abr 25, 2026 11:17:52 A. M. org.eclipse.lsp4j.jsonrpc.RemoteEndpoint handleCancellation
WARNING: Unmatched cancel notification for request id 15
2026.04.25 11:17:52 INFO  no build target found for C:\Users\Jherson Silva\complytools-assistant\backend\complytools-assistant\src\main\java\com\complytools\config\SecurityConfig.java. Using fallback presentation compiler.
2026.04.25 11:17:52 INFO  no build target found for C:\Users\Jherson Silva\complytools-assistant\backend\complytools-assistant\src\main\java\com\complytools\config\SecurityConfig.java. Using fallback presentation compiler.
abr 25, 2026 11:17:53 A. M. org.eclipse.lsp4j.jsonrpc.RemoteEndpoint handleCancellation
WARNING: Unmatched cancel notification for request id 20
2026.04.25 11:17:52 INFO  no build target found for C:\Users\Jherson Silva\complytools-assistant\backend\complytools-assistant\src\main\java\com\complytools\config\SecurityConfig.java. Using fallback presentation compiler.
2026.04.25 11:17:52 INFO  no build target found for C:\Users\Jherson Silva\complytools-assistant\backend\complytools-assistant\src\main\java\com\complytools\config\SecurityConfig.java. Using fallback presentation compiler.
2026.04.25 11:17:53 INFO  no build target found for C:\Users\Jherson Silva\complytools-assistant\backend\complytools-assistant\src\main\java\com\complytools\config\SecurityConfig.java. Using fallback presentation compiler.
2026.04.25 11:17:53 INFO  no build target found for C:\Users\Jherson Silva\complytools-assistant\backend\complytools-assistant\src\main\java\com\complytools\config\SecurityConfig.java. Using fallback presentation compiler.
2026.04.25 11:17:53 INFO  no build target found for C:\Users\Jherson Silva\complytools-assistant\backend\complytools-assistant\src\main\java\com\complytools\config\SecurityConfig.java. Using fallback presentation compiler.
2026.04.25 11:17:53 INFO  no build target found for C:\Users\Jherson Silva\complytools-assistant\backend\complytools-assistant\src\main\java\com\complytools\config\SecurityConfig.java. Using fallback presentation compiler.
abr 25, 2026 11:17:54 A. M. org.eclipse.lsp4j.jsonrpc.RemoteEndpoint handleCancellation
WARNING: Unmatched cancel notification for request id 27
2026.04.25 11:17:53 INFO  no build target found for C:\Users\Jherson Silva\complytools-assistant\backend\complytools-assistant\src\main\java\com\complytools\config\SecurityConfig.java. Using fallback presentation compiler.
2026.04.25 11:17:56 INFO  no build target found for C:\Users\Jherson Silva\complytools-assistant\backend\complytools-assistant\src\main\java\com\complytools\config\SecurityConfig.java. Using fallback presentation compiler.
2026.04.25 11:17:57 INFO  no build target found for C:\Users\Jherson Silva\complytools-assistant\backend\complytools-assistant\src\main\java\com\complytools\config\SecurityConfig.java. Using fallback presentation compiler.
abr 25, 2026 11:17:57 A. M. org.eclipse.lsp4j.jsonrpc.RemoteEndpoint handleCancellation
WARNING: Unmatched cancel notification for request id 34
2026.04.25 11:18:03 INFO  no build target found for C:\Users\Jherson Silva\complytools-assistant\backend\complytools-assistant\src\main\java\com\complytools\config\SecurityConfig.java. Using fallback presentation compiler.
2026.04.25 11:18:25 WARN  no build target for: C:\Users\Jherson Silva\complytools-assistant\backend\complytools-assistant\src\main\java\com\complytools\controller\CaseController.java
2026.04.25 11:18:25 INFO  no build target found for C:\Users\Jherson Silva\complytools-assistant\backend\complytools-assistant\src\main\java\com\complytools\controller\CaseController.java. Using fallback presentation compiler.
2026.04.25 11:18:26 WARN  Running javac-semanticdb failed for file:///C:/Users/Jherson%20Silva/complytools-assistant/backend/complytools-assistant/src/main/java/com/complytools/controller/CaseController.java. Output:

abr 25, 2026 11:18:26 A. M. org.eclipse.lsp4j.jsonrpc.RemoteEndpoint handleCancellation
WARNING: Unmatched cancel notification for request id 37
2026.04.25 11:18:26 INFO  no build target found for C:\Users\Jherson Silva\complytools-assistant\backend\complytools-assistant\src\main\java\com\complytools\controller\CaseController.java. Using fallback presentation compiler.
2026.04.25 11:18:25 INFO  no build target found for C:\Users\Jherson Silva\complytools-assistant\backend\complytools-assistant\src\main\java\com\complytools\controller\CaseController.java. Using fallback presentation compiler.
abr 25, 2026 11:18:26 A. M. org.eclipse.lsp4j.jsonrpc.RemoteEndpoint handleCancellation
WARNING: Unmatched cancel notification for request id 40
2026.04.25 11:18:25 INFO  no build target found for C:\Users\Jherson Silva\complytools-assistant\backend\complytools-assistant\src\main\java\com\complytools\controller\CaseController.java. Using fallback presentation compiler.
2026.04.25 11:18:25 INFO  no build target found for C:\Users\Jherson Silva\complytools-assistant\backend\complytools-assistant\src\main\java\com\complytools\controller\CaseController.java. Using fallback presentation compiler.
2026.04.25 11:18:26 INFO  no build target found for C:\Users\Jherson Silva\complytools-assistant\backend\complytools-assistant\src\main\java\com\complytools\controller\CaseController.java. Using fallback presentation compiler.
2026.04.25 11:18:27 INFO  no build target found for C:\Users\Jherson Silva\complytools-assistant\backend\complytools-assistant\src\main\java\com\complytools\controller\CaseController.java. Using fallback presentation compiler.
2026.04.25 11:18:27 INFO  no build target found for C:\Users\Jherson Silva\complytools-assistant\backend\complytools-assistant\src\main\java\com\complytools\controller\CaseController.java. Using fallback presentation compiler.
2026.04.25 11:18:28 INFO  no build target found for C:\Users\Jherson Silva\complytools-assistant\backend\complytools-assistant\src\main\java\com\complytools\controller\CaseController.java. Using fallback presentation compiler.
2026.04.25 11:18:28 INFO  no build target found for C:\Users\Jherson Silva\complytools-assistant\backend\complytools-assistant\src\main\java\com\complytools\controller\CaseController.java. Using fallback presentation compiler.
2026.04.25 11:18:28 INFO  no build target found for C:\Users\Jherson Silva\complytools-assistant\backend\complytools-assistant\src\main\java\com\complytools\controller\CaseController.java. Using fallback presentation compiler.
2026.04.25 11:18:28 INFO  no build target found for C:\Users\Jherson Silva\complytools-assistant\backend\complytools-assistant\src\main\java\com\complytools\controller\CaseController.java. Using fallback presentation compiler.
2026.04.25 11:18:28 WARN  Running javac-semanticdb failed for file:///C:/Users/Jherson%20Silva/complytools-assistant/backend/complytools-assistant/src/main/java/com/complytools/controller/CaseController.java. Output:

2026.04.25 11:18:28 WARN  no build target for: C:\Users\Jherson Silva\complytools-assistant\backend\complytools-assistant\src\main\java\com\complytools\controller\CaseController.java
2026.04.25 11:18:28 INFO  no build target found for C:\Users\Jherson Silva\complytools-assistant\backend\complytools-assistant\src\main\java\com\complytools\controller\CaseController.java. Using fallback presentation compiler.
2026.04.25 11:18:38 WARN  no build target for: C:\Users\Jherson Silva\complytools-assistant\backend\complytools-assistant\src\main\java\com\complytools\service\CaseService.java
2026.04.25 11:18:38 INFO  no build target found for C:\Users\Jherson Silva\complytools-assistant\backend\complytools-assistant\src\main\java\com\complytools\service\CaseService.java. Using fallback presentation compiler.
abr 25, 2026 11:18:38 A. M. org.eclipse.lsp4j.jsonrpc.RemoteEndpoint handleCancellation
WARNING: Unmatched cancel notification for request id 64
2026.04.25 11:18:38 INFO  no build target found for C:\Users\Jherson Silva\complytools-assistant\backend\complytools-assistant\src\main\java\com\complytools\service\CaseService.java. Using fallback presentation compiler.
2026.04.25 11:18:38 INFO  no build target found for C:\Users\Jherson Silva\complytools-assistant\backend\complytools-assistant\src\main\java\com\complytools\service\CaseService.java. Using fallback presentation compiler.
2026.04.25 11:18:38 WARN  Running javac-semanticdb failed for file:///C:/Users/Jherson%20Silva/complytools-assistant/backend/complytools-assistant/src/main/java/com/complytools/service/CaseService.java. Output:

2026.04.25 11:18:38 INFO  no build target found for C:\Users\Jherson Silva\complytools-assistant\backend\complytools-assistant\src\main\java\com\complytools\service\CaseService.java. Using fallback presentation compiler.
2026.04.25 11:18:39 INFO  no build target found for C:\Users\Jherson Silva\complytools-assistant\backend\complytools-assistant\src\main\java\com\complytools\service\CaseService.java. Using fallback presentation compiler.
2026.04.25 11:18:40 INFO  no build target found for C:\Users\Jherson Silva\complytools-assistant\backend\complytools-assistant\src\main\java\com\complytools\service\CaseService.java. Using fallback presentation compiler.
2026.04.25 11:18:43 INFO  no build target found for C:\Users\Jherson Silva\complytools-assistant\backend\complytools-assistant\src\main\java\com\complytools\service\CaseService.java. Using fallback presentation compiler.
2026.04.25 11:18:43 INFO  no build target found for C:\Users\Jherson Silva\complytools-assistant\backend\complytools-assistant\src\main\java\com\complytools\service\CaseService.java. Using fallback presentation compiler.
2026.04.25 11:18:43 INFO  no build target found for C:\Users\Jherson Silva\complytools-assistant\backend\complytools-assistant\src\main\java\com\complytools\service\CaseService.java. Using fallback presentation compiler.
2026.04.25 11:18:44 INFO  no build target found for C:\Users\Jherson Silva\complytools-assistant\backend\complytools-assistant\src\main\java\com\complytools\service\CaseService.java. Using fallback presentation compiler.
2026.04.25 11:18:44 INFO  no build target found for C:\Users\Jherson Silva\complytools-assistant\backend\complytools-assistant\src\main\java\com\complytools\service\CaseService.java. Using fallback presentation compiler.
2026.04.25 11:18:44 INFO  no build target found for C:\Users\Jherson Silva\complytools-assistant\backend\complytools-assistant\src\main\java\com\complytools\service\CaseService.java. Using fallback presentation compiler.
2026.04.25 11:18:44 INFO  no build target found for C:\Users\Jherson Silva\complytools-assistant\backend\complytools-assistant\src\main\java\com\complytools\service\CaseService.java. Using fallback presentation compiler.
2026.04.25 11:18:44 WARN  Running javac-semanticdb failed for file:///C:/Users/Jherson%20Silva/complytools-assistant/backend/complytools-assistant/src/main/java/com/complytools/service/CaseService.java. Output:

2026.04.25 11:18:45 WARN  no build target for: C:\Users\Jherson Silva\complytools-assistant\backend\complytools-assistant\src\main\java\com\complytools\service\CaseService.java
2026.04.25 11:18:44 INFO  no build target found for C:\Users\Jherson Silva\complytools-assistant\backend\complytools-assistant\src\main\java\com\complytools\service\CaseService.java. Using fallback presentation compiler.
2026.04.25 11:18:46 INFO  no build target found for C:\Users\Jherson Silva\complytools-assistant\backend\complytools-assistant\src\main\java\com\complytools\service\CaseService.java. Using fallback presentation compiler.
2026.04.25 11:18:48 INFO  no build target found for C:\Users\Jherson Silva\complytools-assistant\backend\complytools-assistant\src\main\java\com\complytools\service\CaseService.java. Using fallback presentation compiler.
2026.04.25 11:18:54 WARN  no build target for: C:\Users\Jherson Silva\complytools-assistant\backend\complytools-assistant\src\main\java\com\complytools\service\SourceService.java
2026.04.25 11:18:54 INFO  no build target found for C:\Users\Jherson Silva\complytools-assistant\backend\complytools-assistant\src\main\java\com\complytools\service\SourceService.java. Using fallback presentation compiler.
2026.04.25 11:18:54 INFO  no build target found for C:\Users\Jherson Silva\complytools-assistant\backend\complytools-assistant\src\main\java\com\complytools\service\SourceService.java. Using fallback presentation compiler.
2026.04.25 11:18:54 INFO  no build target found for C:\Users\Jherson Silva\complytools-assistant\backend\complytools-assistant\src\main\java\com\complytools\service\SourceService.java. Using fallback presentation compiler.
2026.04.25 11:18:54 WARN  Running javac-semanticdb failed for file:///C:/Users/Jherson%20Silva/complytools-assistant/backend/complytools-assistant/src/main/java/com/complytools/service/SourceService.java. Output:

2026.04.25 11:18:54 INFO  no build target found for C:\Users\Jherson Silva\complytools-assistant\backend\complytools-assistant\src\main\java\com\complytools\service\SourceService.java. Using fallback presentation compiler.
2026.04.25 11:18:55 INFO  no build target found for C:\Users\Jherson Silva\complytools-assistant\backend\complytools-assistant\src\main\java\com\complytools\service\SourceService.java. Using fallback presentation compiler.
2026.04.25 11:18:54 INFO  no build target found for C:\Users\Jherson Silva\complytools-assistant\backend\complytools-assistant\src\main\java\com\complytools\service\SourceService.java. Using fallback presentation compiler.
2026.04.25 11:18:54 INFO  no build target found for C:\Users\Jherson Silva\complytools-assistant\backend\complytools-assistant\src\main\java\com\complytools\service\SourceService.java. Using fallback presentation compiler.
2026.04.25 11:18:55 INFO  no build target found for C:\Users\Jherson Silva\complytools-assistant\backend\complytools-assistant\src\main\java\com\complytools\service\SourceService.java. Using fallback presentation compiler.
2026.04.25 11:18:55 INFO  no build target found for C:\Users\Jherson Silva\complytools-assistant\backend\complytools-assistant\src\main\java\com\complytools\service\SourceService.java. Using fallback presentation compiler.
2026.04.25 11:18:55 INFO  no build target found for C:\Users\Jherson Silva\complytools-assistant\backend\complytools-assistant\src\main\java\com\complytools\service\SourceService.java. Using fallback presentation compiler.
2026.04.25 11:18:55 INFO  no build target found for C:\Users\Jherson Silva\complytools-assistant\backend\complytools-assistant\src\main\java\com\complytools\service\SourceService.java. Using fallback presentation compiler.
2026.04.25 11:18:56 INFO  no build target found for C:\Users\Jherson Silva\complytools-assistant\backend\complytools-assistant\src\main\java\com\complytools\service\SourceService.java. Using fallback presentation compiler.
2026.04.25 11:18:56 WARN  Running javac-semanticdb failed for file:///C:/Users/Jherson%20Silva/complytools-assistant/backend/complytools-assistant/src/main/java/com/complytools/service/SourceService.java. Output:

2026.04.25 11:18:57 WARN  no build target for: C:\Users\Jherson Silva\complytools-assistant\backend\complytools-assistant\src\main\java\com\complytools\service\SourceService.java
2026.04.25 11:18:56 INFO  no build target found for C:\Users\Jherson Silva\complytools-assistant\backend\complytools-assistant\src\main\java\com\complytools\service\SourceService.java. Using fallback presentation compiler.
2026.04.25 11:19:00 INFO  no build target found for C:\Users\Jherson Silva\complytools-assistant\backend\complytools-assistant\src\main\java\com\complytools\service\SourceService.java. Using fallback presentation compiler.
2026.04.25 11:19:04 WARN  no build target for: C:\Users\Jherson Silva\complytools-assistant\backend\complytools-assistant\src\main\java\com\complytools\exception\GlobalExceptionHandler.java
2026.04.25 11:19:04 INFO  no build target found for C:\Users\Jherson Silva\complytools-assistant\backend\complytools-assistant\src\main\java\com\complytools\exception\GlobalExceptionHandler.java. Using fallback presentation compiler.
abr 25, 2026 11:19:04 A. M. org.eclipse.lsp4j.jsonrpc.RemoteEndpoint handleCancellation
WARNING: Unmatched cancel notification for request id 129
2026.04.25 11:19:04 INFO  no build target found for C:\Users\Jherson Silva\complytools-assistant\backend\complytools-assistant\src\main\java\com\complytools\exception\GlobalExceptionHandler.java. Using fallback presentation compiler.
2026.04.25 11:19:04 INFO  no build target found for C:\Users\Jherson Silva\complytools-assistant\backend\complytools-assistant\src\main\java\com\complytools\exception\GlobalExceptionHandler.java. Using fallback presentation compiler.
2026.04.25 11:19:04 WARN  Running javac-semanticdb failed for file:///C:/Users/Jherson%20Silva/complytools-assistant/backend/complytools-assistant/src/main/java/com/complytools/exception/GlobalExceptionHandler.java. Output:

2026.04.25 11:19:04 INFO  no build target found for C:\Users\Jherson Silva\complytools-assistant\backend\complytools-assistant\src\main\java\com\complytools\exception\GlobalExceptionHandler.java. Using fallback presentation compiler.
2026.04.25 11:19:04 INFO  no build target found for C:\Users\Jherson Silva\complytools-assistant\backend\complytools-assistant\src\main\java\com\complytools\exception\GlobalExceptionHandler.java. Using fallback presentation compiler.
2026.04.25 11:19:04 INFO  no build target found for C:\Users\Jherson Silva\complytools-assistant\backend\complytools-assistant\src\main\java\com\complytools\exception\GlobalExceptionHandler.java. Using fallback presentation compiler.
2026.04.25 11:19:04 INFO  no build target found for C:\Users\Jherson Silva\complytools-assistant\backend\complytools-assistant\src\main\java\com\complytools\exception\GlobalExceptionHandler.java. Using fallback presentation compiler.
2026.04.25 11:19:04 INFO  no build target found for C:\Users\Jherson Silva\complytools-assistant\backend\complytools-assistant\src\main\java\com\complytools\exception\GlobalExceptionHandler.java. Using fallback presentation compiler.
2026.04.25 11:19:06 INFO  no build target found for C:\Users\Jherson Silva\complytools-assistant\backend\complytools-assistant\src\main\java\com\complytools\exception\GlobalExceptionHandler.java. Using fallback presentation compiler.
2026.04.25 11:19:06 INFO  no build target found for C:\Users\Jherson Silva\complytools-assistant\backend\complytools-assistant\src\main\java\com\complytools\exception\GlobalExceptionHandler.java. Using fallback presentation compiler.
2026.04.25 11:19:06 INFO  no build target found for C:\Users\Jherson Silva\complytools-assistant\backend\complytools-assistant\src\main\java\com\complytools\exception\GlobalExceptionHandler.java. Using fallback presentation compiler.
2026.04.25 11:19:06 INFO  no build target found for C:\Users\Jherson Silva\complytools-assistant\backend\complytools-assistant\src\main\java\com\complytools\exception\GlobalExceptionHandler.java. Using fallback presentation compiler.
2026.04.25 11:19:06 WARN  Running javac-semanticdb failed for file:///C:/Users/Jherson%20Silva/complytools-assistant/backend/complytools-assistant/src/main/java/com/complytools/exception/GlobalExceptionHandler.java. Output:

2026.04.25 11:19:06 WARN  no build target for: C:\Users\Jherson Silva\complytools-assistant\backend\complytools-assistant\src\main\java\com\complytools\exception\GlobalExceptionHandler.java
2026.04.25 11:19:06 INFO  no build target found for C:\Users\Jherson Silva\complytools-assistant\backend\complytools-assistant\src\main\java\com\complytools\exception\GlobalExceptionHandler.java. Using fallback presentation compiler.
2026.04.25 11:19:06 INFO  no build target found for C:\Users\Jherson Silva\complytools-assistant\backend\complytools-assistant\src\main\java\com\complytools\exception\GlobalExceptionHandler.java. Using fallback presentation compiler.
2026.04.25 11:19:20 WARN  no build target for: C:\Users\Jherson Silva\complytools-assistant\backend\complytools-assistant\src\main\java\com\complytools\model\AuditLog.java
2026.04.25 11:19:20 INFO  no build target found for C:\Users\Jherson Silva\complytools-assistant\backend\complytools-assistant\src\main\java\com\complytools\model\AuditLog.java. Using fallback presentation compiler.
2026.04.25 11:19:20 WARN  Running javac-semanticdb failed for file:///C:/Users/Jherson%20Silva/complytools-assistant/backend/complytools-assistant/src/main/java/com/complytools/model/AuditLog.java. Output:

2026.04.25 11:19:20 INFO  no build target found for C:\Users\Jherson Silva\complytools-assistant\backend\complytools-assistant\src\main\java\com\complytools\model\AuditLog.java. Using fallback presentation compiler.
2026.04.25 11:19:20 INFO  no build target found for C:\Users\Jherson Silva\complytools-assistant\backend\complytools-assistant\src\main\java\com\complytools\model\AuditLog.java. Using fallback presentation compiler.
2026.04.25 11:19:20 INFO  no build target found for C:\Users\Jherson Silva\complytools-assistant\backend\complytools-assistant\src\main\java\com\complytools\model\AuditLog.java. Using fallback presentation compiler.
2026.04.25 11:19:21 INFO  no build target found for C:\Users\Jherson Silva\complytools-assistant\backend\complytools-assistant\src\main\java\com\complytools\model\AuditLog.java. Using fallback presentation compiler.
2026.04.25 11:19:20 INFO  no build target found for C:\Users\Jherson Silva\complytools-assistant\backend\complytools-assistant\src\main\java\com\complytools\model\AuditLog.java. Using fallback presentation compiler.
2026.04.25 11:19:21 INFO  no build target found for C:\Users\Jherson Silva\complytools-assistant\backend\complytools-assistant\src\main\java\com\complytools\model\AuditLog.java. Using fallback presentation compiler.
2026.04.25 11:19:21 INFO  no build target found for C:\Users\Jherson Silva\complytools-assistant\backend\complytools-assistant\src\main\java\com\complytools\model\AuditLog.java. Using fallback presentation compiler.
2026.04.25 11:19:21 INFO  no build target found for C:\Users\Jherson Silva\complytools-assistant\backend\complytools-assistant\src\main\java\com\complytools\model\AuditLog.java. Using fallback presentation compiler.
2026.04.25 11:19:21 INFO  no build target found for C:\Users\Jherson Silva\complytools-assistant\backend\complytools-assistant\src\main\java\com\complytools\model\AuditLog.java. Using fallback presentation compiler.
2026.04.25 11:19:21 INFO  no build target found for C:\Users\Jherson Silva\complytools-assistant\backend\complytools-assistant\src\main\java\com\complytools\model\AuditLog.java. Using fallback presentation compiler.
2026.04.25 11:19:22 INFO  no build target found for C:\Users\Jherson Silva\complytools-assistant\backend\complytools-assistant\src\main\java\com\complytools\model\AuditLog.java. Using fallback presentation compiler.
2026.04.25 11:19:22 WARN  Running javac-semanticdb failed for file:///C:/Users/Jherson%20Silva/complytools-assistant/backend/complytools-assistant/src/main/java/com/complytools/model/AuditLog.java. Output:

2026.04.25 11:19:23 WARN  no build target for: C:\Users\Jherson Silva\complytools-assistant\backend\complytools-assistant\src\main\java\com\complytools\model\AuditLog.java
2026.04.25 11:19:23 INFO  no build target found for C:\Users\Jherson Silva\complytools-assistant\backend\complytools-assistant\src\main\java\com\complytools\model\AuditLog.java. Using fallback presentation compiler.
2026.04.25 11:20:35 WARN  no build target for: C:\Users\Jherson Silva\complytools-assistant\backend\complytools-assistant\src\main\java\com\complytools\controller\AuditLogController.java
2026.04.25 11:20:35 WARN  Running javac-semanticdb failed for file:///C:/Users/Jherson%20Silva/complytools-assistant/backend/complytools-assistant/src/main/java/com/complytools/controller/AuditLogController.java. Output:

2026.04.25 11:20:35 INFO  no build target found for C:\Users\Jherson Silva\complytools-assistant\backend\complytools-assistant\src\main\java\com\complytools\controller\AuditLogController.java. Using fallback presentation compiler.
2026.04.25 11:20:35 INFO  no build target found for C:\Users\Jherson Silva\complytools-assistant\backend\complytools-assistant\src\main\java\com\complytools\controller\AuditLogController.java. Using fallback presentation compiler.
2026.04.25 11:20:35 INFO  no build target found for C:\Users\Jherson Silva\complytools-assistant\backend\complytools-assistant\src\main\java\com\complytools\controller\AuditLogController.java. Using fallback presentation compiler.
2026.04.25 11:20:35 INFO  no build target found for C:\Users\Jherson Silva\complytools-assistant\backend\complytools-assistant\src\main\java\com\complytools\controller\AuditLogController.java. Using fallback presentation compiler.
2026.04.25 11:20:35 INFO  no build target found for C:\Users\Jherson Silva\complytools-assistant\backend\complytools-assistant\src\main\java\com\complytools\controller\AuditLogController.java. Using fallback presentation compiler.
2026.04.25 11:20:35 WARN  Running javac-semanticdb failed for file:///C:/Users/Jherson%20Silva/complytools-assistant/backend/complytools-assistant/src/main/java/com/complytools/controller/AuditLogController.java. Output:

2026.04.25 11:20:36 WARN  no build target for: C:\Users\Jherson Silva\complytools-assistant\backend\complytools-assistant\src\main\java\com\complytools\controller\AuditLogController.java
2026.04.25 11:20:36 INFO  no build target found for C:\Users\Jherson Silva\complytools-assistant\backend\complytools-assistant\src\main\java\com\complytools\controller\AuditLogController.java. Using fallback presentation compiler.
2026.04.25 11:20:45 INFO  no build target found for C:\Users\Jherson Silva\complytools-assistant\backend\complytools-assistant\src\main\java\com\complytools\controller\AuditLogController.java. Using fallback presentation compiler.
2026.04.25 11:20:45 INFO  no build target found for C:\Users\Jherson Silva\complytools-assistant\backend\complytools-assistant\src\main\java\com\complytools\controller\AuditLogController.java. Using fallback presentation compiler.
2026.04.25 11:20:46 INFO  no build target found for C:\Users\Jherson Silva\complytools-assistant\backend\complytools-assistant\src\main\java\com\complytools\controller\AuditLogController.java. Using fallback presentation compiler.
2026.04.25 11:20:46 INFO  no build target found for C:\Users\Jherson Silva\complytools-assistant\backend\complytools-assistant\src\main\java\com\complytools\controller\AuditLogController.java. Using fallback presentation compiler.
2026.04.25 11:20:46 INFO  no build target found for C:\Users\Jherson Silva\complytools-assistant\backend\complytools-assistant\src\main\java\com\complytools\controller\AuditLogController.java. Using fallback presentation compiler.
2026.04.25 11:20:46 INFO  no build target found for C:\Users\Jherson Silva\complytools-assistant\backend\complytools-assistant\src\main\java\com\complytools\controller\AuditLogController.java. Using fallback presentation compiler.
2026.04.25 11:20:46 WARN  Running javac-semanticdb failed for file:///C:/Users/Jherson%20Silva/complytools-assistant/backend/complytools-assistant/src/main/java/com/complytools/controller/AuditLogController.java. Output:

2026.04.25 11:20:47 WARN  no build target for: C:\Users\Jherson Silva\complytools-assistant\backend\complytools-assistant\src\main\java\com\complytools\controller\AuditLogController.java
2026.04.25 11:20:47 INFO  no build target found for C:\Users\Jherson Silva\complytools-assistant\backend\complytools-assistant\src\main\java\com\complytools\controller\AuditLogController.java. Using fallback presentation compiler.
2026.04.25 11:20:52 INFO  no build target found for C:\Users\Jherson Silva\complytools-assistant\backend\complytools-assistant\src\main\java\com\complytools\config\SecurityConfig.java. Using fallback presentation compiler.
2026.04.25 11:20:57 WARN  no build target for: C:\Users\Jherson Silva\complytools-assistant\backend\complytools-assistant\src\main\java\com\complytools\repository\AuditLogRepository.java
2026.04.25 11:20:57 INFO  no build target found for C:\Users\Jherson Silva\complytools-assistant\backend\complytools-assistant\src\main\java\com\complytools\repository\AuditLogRepository.java. Using fallback presentation compiler.
2026.04.25 11:20:57 INFO  no build target found for C:\Users\Jherson Silva\complytools-assistant\backend\complytools-assistant\src\main\java\com\complytools\repository\AuditLogRepository.java. Using fallback presentation compiler.
2026.04.25 11:20:57 WARN  Running javac-semanticdb failed for file:///C:/Users/Jherson%20Silva/complytools-assistant/backend/complytools-assistant/src/main/java/com/complytools/repository/AuditLogRepository.java. Output:

2026.04.25 11:20:57 INFO  no build target found for C:\Users\Jherson Silva\complytools-assistant\backend\complytools-assistant\src\main\java\com\complytools\repository\AuditLogRepository.java. Using fallback presentation compiler.
2026.04.25 11:20:57 INFO  no build target found for C:\Users\Jherson Silva\complytools-assistant\backend\complytools-assistant\src\main\java\com\complytools\repository\AuditLogRepository.java. Using fallback presentation compiler.
2026.04.25 11:20:57 INFO  no build target found for C:\Users\Jherson Silva\complytools-assistant\backend\complytools-assistant\src\main\java\com\complytools\repository\AuditLogRepository.java. Using fallback presentation compiler.
2026.04.25 11:20:58 INFO  no build target found for C:\Users\Jherson Silva\complytools-assistant\backend\complytools-assistant\src\main\java\com\complytools\repository\AuditLogRepository.java. Using fallback presentation compiler.
2026.04.25 11:20:58 INFO  no build target found for C:\Users\Jherson Silva\complytools-assistant\backend\complytools-assistant\src\main\java\com\complytools\repository\AuditLogRepository.java. Using fallback presentation compiler.
2026.04.25 11:20:58 INFO  no build target found for C:\Users\Jherson Silva\complytools-assistant\backend\complytools-assistant\src\main\java\com\complytools\repository\AuditLogRepository.java. Using fallback presentation compiler.
2026.04.25 11:20:58 INFO  no build target found for C:\Users\Jherson Silva\complytools-assistant\backend\complytools-assistant\src\main\java\com\complytools\repository\AuditLogRepository.java. Using fallback presentation compiler.
2026.04.25 11:20:58 INFO  no build target found for C:\Users\Jherson Silva\complytools-assistant\backend\complytools-assistant\src\main\java\com\complytools\repository\AuditLogRepository.java. Using fallback presentation compiler.
2026.04.25 11:20:59 INFO  no build target found for C:\Users\Jherson Silva\complytools-assistant\backend\complytools-assistant\src\main\java\com\complytools\repository\AuditLogRepository.java. Using fallback presentation compiler.
2026.04.25 11:20:59 WARN  Running javac-semanticdb failed for file:///C:/Users/Jherson%20Silva/complytools-assistant/backend/complytools-assistant/src/main/java/com/complytools/repository/AuditLogRepository.java. Output:

2026.04.25 11:21:00 WARN  no build target for: C:\Users\Jherson Silva\complytools-assistant\backend\complytools-assistant\src\main\java\com\complytools\repository\AuditLogRepository.java
2026.04.25 11:21:00 INFO  no build target found for C:\Users\Jherson Silva\complytools-assistant\backend\complytools-assistant\src\main\java\com\complytools\repository\AuditLogRepository.java. Using fallback presentation compiler.
2026.04.25 11:21:26 INFO  no build target found for C:\Users\Jherson Silva\complytools-assistant\backend\complytools-assistant\src\main\java\com\complytools\controller\CaseController.java. Using fallback presentation compiler.
2026.04.25 11:21:38 INFO  no build target found for C:\Users\Jherson Silva\complytools-assistant\backend\complytools-assistant\src\main\java\com\complytools\service\CaseService.java. Using fallback presentation compiler.
2026.04.25 11:21:42 INFO  no build target found for C:\Users\Jherson Silva\complytools-assistant\backend\complytools-assistant\src\main\java\com\complytools\repository\AuditLogRepository.java. Using fallback presentation compiler.
2026.04.25 11:21:42 WARN  no build target for: C:\Users\Jherson Silva\complytools-assistant\backend\complytools-assistant\src\main\java\com\complytools\repository\AuditLogRepository.java
2026.04.25 11:21:42 INFO  no build target found for C:\Users\Jherson Silva\complytools-assistant\backend\complytools-assistant\src\main\java\com\complytools\repository\AuditLogRepository.java. Using fallback presentation compiler.
2026.04.25 11:21:42 INFO  no build target found for C:\Users\Jherson Silva\complytools-assistant\backend\complytools-assistant\src\main\java\com\complytools\controller\AuditLogController.java. Using fallback presentation compiler.
2026.04.25 11:21:42 WARN  no build target for: C:\Users\Jherson Silva\complytools-assistant\backend\complytools-assistant\src\main\java\com\complytools\controller\AuditLogController.java
2026.04.25 11:21:43 INFO  no build target found for C:\Users\Jherson Silva\complytools-assistant\backend\complytools-assistant\src\main\java\com\complytools\controller\AuditLogController.java. Using fallback presentation compiler.
2026.04.25 11:21:43 INFO  no build target found for C:\Users\Jherson Silva\complytools-assistant\backend\complytools-assistant\src\main\java\com\complytools\controller\AuditLogController.java. Using fallback presentation compiler.
2026.04.25 11:21:43 INFO  no build target found for C:\Users\Jherson Silva\complytools-assistant\backend\complytools-assistant\src\main\java\com\complytools\controller\AuditLogController.java. Using fallback presentation compiler.
2026.04.25 11:21:54 INFO  no build target found for C:\Users\Jherson Silva\complytools-assistant\backend\complytools-assistant\src\main\java\com\complytools\service\SourceService.java. Using fallback presentation compiler.
2026.04.25 11:22:04 INFO  no build target found for C:\Users\Jherson Silva\complytools-assistant\backend\complytools-assistant\src\main\java\com\complytools\exception\GlobalExceptionHandler.java. Using fallback presentation compiler.
2026.04.25 11:22:20 INFO  no build target found for C:\Users\Jherson Silva\complytools-assistant\backend\complytools-assistant\src\main\java\com\complytools\model\AuditLog.java. Using fallback presentation compiler.
2026.04.25 11:23:35 INFO  no build target found for C:\Users\Jherson Silva\complytools-assistant\backend\complytools-assistant\src\main\java\com\complytools\controller\AuditLogController.java. Using fallback presentation compiler.
2026.04.25 11:23:57 INFO  no build target found for C:\Users\Jherson Silva\complytools-assistant\backend\complytools-assistant\src\main\java\com\complytools\repository\AuditLogRepository.java. Using fallback presentation compiler.
2026.04.25 11:34:35 INFO  Shutting down server
2026.04.25 11:34:35 INFO  Memory monitor stopped
2026.04.25 11:34:35 INFO  shutting down Metals
2026.04.25 11:34:35 INFO  Exiting server
2026.04.25 11:49:55 INFO  Started: Metals version 1.6.7 in folders 'C:\Users\Jherson Silva\complytools-assistant' for client Visual Studio Code 1.116.0.
2026.04.25 11:49:55 INFO  Memory monitor started
2026.04.25 11:49:59 WARN  Using H2 2.4.240 which is newer than the version Flyway has been verified with. The latest verified version of H2 is 2.3.232.
2026.04.25 11:49:59 INFO  no build target found for C:\Users\Jherson Silva\complytools-assistant\backend\complytools-assistant\src\main\java\com\complytools\dto\DashboardDTO.java. Using fallback presentation compiler.
abr 25, 2026 11:50:00 A. M. org.eclipse.lsp4j.jsonrpc.RemoteEndpoint handleCancellation
WARNING: Unmatched cancel notification for request id 2
2026.04.25 11:50:01 INFO  no build target found for C:\Users\Jherson Silva\complytools-assistant\backend\complytools-assistant\src\main\java\com\complytools\dto\DashboardDTO.java. Using fallback presentation compiler.
2026.04.25 11:50:01 INFO  no build target found for C:\Users\Jherson Silva\complytools-assistant\backend\complytools-assistant\src\main\java\com\complytools\dto\DashboardDTO.java. Using fallback presentation compiler.
2026.04.25 11:50:01 INFO  no build target found for C:\Users\Jherson Silva\complytools-assistant\backend\complytools-assistant\src\main\java\com\complytools\dto\DashboardDTO.java. Using fallback presentation compiler.
2026.04.25 11:50:01 INFO  no build target found for C:\Users\Jherson Silva\complytools-assistant\backend\complytools-assistant\src\main\java\com\complytools\dto\DashboardDTO.java. Using fallback presentation compiler.
abr 25, 2026 11:50:01 A. M. org.eclipse.lsp4j.jsonrpc.RemoteEndpoint handleCancellation
WARNING: Unmatched cancel notification for request id 9
abr 25, 2026 11:50:01 A. M. org.eclipse.lsp4j.jsonrpc.RemoteEndpoint handleCancellation
WARNING: Unmatched cancel notification for request id 10
abr 25, 2026 11:50:01 A. M. org.eclipse.lsp4j.jsonrpc.RemoteEndpoint handleCancellation
WARNING: Unmatched cancel notification for request id 11
2026.04.25 11:50:02 INFO  no build target found for C:\Users\Jherson Silva\complytools-assistant\backend\complytools-assistant\src\main\java\com\complytools\dto\DashboardDTO.java. Using fallback presentation compiler.
2026.04.25 11:50:03 INFO  no build target found for C:\Users\Jherson Silva\complytools-assistant\backend\complytools-assistant\src\main\java\com\complytools\dto\DashboardDTO.java. Using fallback presentation compiler.
2026.04.25 11:50:04 WARN  no build tool detected in workspace 'C:\Users\Jherson Silva\complytools-assistant'. The most common cause for this problem is that the editor was opened in the wrong working directory, for example if you use sbt then the workspace directory should contain build.sbt. 
2026.04.25 11:50:04 WARN  Build server is not auto-connectable.
2026.04.25 11:50:04 WARN  no build target for: C:\Users\Jherson Silva\complytools-assistant\backend\complytools-assistant\src\main\java\com\complytools\dto\DashboardDTO.java
2026.04.25 11:50:05 WARN  Running javac-semanticdb failed for file:///C:/Users/Jherson%20Silva/complytools-assistant/backend/complytools-assistant/src/main/java/com/complytools/dto/DashboardDTO.java. Output:

2026.04.25 11:50:06 WARN  no build target for: C:\Users\Jherson Silva\complytools-assistant\backend\complytools-assistant\src\main\java\com\complytools\dto\CaseRequestDTO.java
2026.04.25 11:50:06 INFO  no build target found for C:\Users\Jherson Silva\complytools-assistant\backend\complytools-assistant\src\main\java\com\complytools\dto\CaseRequestDTO.java. Using fallback presentation compiler.
2026.04.25 11:50:07 WARN  Running javac-semanticdb failed for file:///C:/Users/Jherson%20Silva/complytools-assistant/backend/complytools-assistant/src/main/java/com/complytools/dto/CaseRequestDTO.java. Output:

abr 25, 2026 11:50:07 A. M. org.eclipse.lsp4j.jsonrpc.RemoteEndpoint handleCancellation
WARNING: Unmatched cancel notification for request id 19
2026.04.25 11:50:07 INFO  no build target found for C:\Users\Jherson Silva\complytools-assistant\backend\complytools-assistant\src\main\java\com\complytools\dto\CaseRequestDTO.java. Using fallback presentation compiler.
2026.04.25 11:50:06 INFO  no build target found for C:\Users\Jherson Silva\complytools-assistant\backend\complytools-assistant\src\main\java\com\complytools\dto\CaseRequestDTO.java. Using fallback presentation compiler.
2026.04.25 11:50:08 INFO  no build target found for C:\Users\Jherson Silva\complytools-assistant\backend\complytools-assistant\src\main\java\com\complytools\dto\CaseRequestDTO.java. Using fallback presentation compiler.
2026.04.25 11:50:08 INFO  no build target found for C:\Users\Jherson Silva\complytools-assistant\backend\complytools-assistant\src\main\java\com\complytools\dto\CaseRequestDTO.java. Using fallback presentation compiler.
abr 25, 2026 11:50:08 A. M. org.eclipse.lsp4j.jsonrpc.RemoteEndpoint handleCancellation
WARNING: Unmatched cancel notification for request id 27
2026.04.25 11:50:10 INFO  no build target found for C:\Users\Jherson Silva\complytools-assistant\backend\complytools-assistant\src\main\java\com\complytools\dto\CaseRequestDTO.java. Using fallback presentation compiler.
2026.04.25 11:50:10 INFO  no build target found for C:\Users\Jherson Silva\complytools-assistant\backend\complytools-assistant\src\main\java\com\complytools\dto\CaseRequestDTO.java. Using fallback presentation compiler.
2026.04.25 11:50:10 INFO  no build target found for C:\Users\Jherson Silva\complytools-assistant\backend\complytools-assistant\src\main\java\com\complytools\dto\CaseRequestDTO.java. Using fallback presentation compiler.
2026.04.25 11:50:11 WARN  no build target for: C:\Users\Jherson Silva\complytools-assistant\backend\complytools-assistant\src\main\java\com\complytools\dto\CaseRequestDTO.java
2026.04.25 11:50:11 INFO  no build target found for C:\Users\Jherson Silva\complytools-assistant\backend\complytools-assistant\src\main\java\com\complytools\dto\CaseRequestDTO.java. Using fallback presentation compiler.
2026.04.25 11:50:11 INFO  no build target found for C:\Users\Jherson Silva\complytools-assistant\backend\complytools-assistant\src\main\java\com\complytools\dto\CaseRequestDTO.java. Using fallback presentation compiler.
2026.04.25 11:50:11 INFO  no build target found for C:\Users\Jherson Silva\complytools-assistant\backend\complytools-assistant\src\main\java\com\complytools\dto\CaseRequestDTO.java. Using fallback presentation compiler.
abr 25, 2026 11:50:11 A. M. org.eclipse.lsp4j.jsonrpc.RemoteEndpoint handleCancellation
WARNING: Unmatched cancel notification for request id 38
2026.04.25 11:50:11 INFO  no build target found for C:\Users\Jherson Silva\complytools-assistant\backend\complytools-assistant\src\main\java\com\complytools\dto\CaseRequestDTO.java. Using fallback presentation compiler.
2026.04.25 11:50:11 INFO  no build target found for C:\Users\Jherson Silva\complytools-assistant\backend\complytools-assistant\src\main\java\com\complytools\dto\CaseRequestDTO.java. Using fallback presentation compiler.
abr 25, 2026 11:50:12 A. M. org.eclipse.lsp4j.jsonrpc.RemoteEndpoint handleCancellation
WARNING: Unmatched cancel notification for request id 40
2026.04.25 11:50:11 INFO  no build target found for C:\Users\Jherson Silva\complytools-assistant\backend\complytools-assistant\src\main\java\com\complytools\dto\CaseRequestDTO.java. Using fallback presentation compiler.
2026.04.25 11:50:12 INFO  no build target found for C:\Users\Jherson Silva\complytools-assistant\backend\complytools-assistant\src\main\java\com\complytools\dto\CaseRequestDTO.java. Using fallback presentation compiler.
2026.04.25 11:50:12 WARN  no build target for: C:\Users\Jherson Silva\complytools-assistant\backend\complytools-assistant\src\main\java\com\complytools\dto\CaseRequestDTO.java
2026.04.25 11:50:13 INFO  no build target found for C:\Users\Jherson Silva\complytools-assistant\backend\complytools-assistant\src\main\java\com\complytools\dto\CaseRequestDTO.java. Using fallback presentation compiler.
2026.04.25 11:50:18 INFO  no build target found for C:\Users\Jherson Silva\complytools-assistant\backend\complytools-assistant\src\main\java\com\complytools\dto\CaseRequestDTO.java. Using fallback presentation compiler.
2026.04.25 11:50:18 INFO  no build target found for C:\Users\Jherson Silva\complytools-assistant\backend\complytools-assistant\src\main\java\com\complytools\dto\CaseRequestDTO.java. Using fallback presentation compiler.
2026.04.25 11:50:19 INFO  no build target found for C:\Users\Jherson Silva\complytools-assistant\backend\complytools-assistant\src\main\java\com\complytools\dto\CaseRequestDTO.java. Using fallback presentation compiler.
2026.04.25 11:50:20 WARN  no build target for: C:\Users\Jherson Silva\complytools-assistant\backend\complytools-assistant\src\main\java\com\complytools\dto\CaseResponseDTO.java
2026.04.25 11:50:20 INFO  no build target found for C:\Users\Jherson Silva\complytools-assistant\backend\complytools-assistant\src\main\java\com\complytools\dto\CaseResponseDTO.java. Using fallback presentation compiler.
2026.04.25 11:50:19 WARN  Running javac-semanticdb failed for file:///C:/Users/Jherson%20Silva/complytools-assistant/backend/complytools-assistant/src/main/java/com/complytools/dto/CaseResponseDTO.java. Output:

2026.04.25 11:50:20 INFO  no build target found for C:\Users\Jherson Silva\complytools-assistant\backend\complytools-assistant\src\main\java\com\complytools\dto\CaseResponseDTO.java. Using fallback presentation compiler.
2026.04.25 11:50:20 INFO  no build target found for C:\Users\Jherson Silva\complytools-assistant\backend\complytools-assistant\src\main\java\com\complytools\dto\CaseResponseDTO.java. Using fallback presentation compiler.
2026.04.25 11:50:20 INFO  no build target found for C:\Users\Jherson Silva\complytools-assistant\backend\complytools-assistant\src\main\java\com\complytools\dto\CaseResponseDTO.java. Using fallback presentation compiler.
2026.04.25 11:50:20 INFO  no build target found for C:\Users\Jherson Silva\complytools-assistant\backend\complytools-assistant\src\main\java\com\complytools\dto\CaseResponseDTO.java. Using fallback presentation compiler.
2026.04.25 11:50:21 INFO  no build target found for C:\Users\Jherson Silva\complytools-assistant\backend\complytools-assistant\src\main\java\com\complytools\dto\CaseResponseDTO.java. Using fallback presentation compiler.
2026.04.25 11:50:21 INFO  no build target found for C:\Users\Jherson Silva\complytools-assistant\backend\complytools-assistant\src\main\java\com\complytools\dto\CaseResponseDTO.java. Using fallback presentation compiler.
2026.04.25 11:50:21 INFO  no build target found for C:\Users\Jherson Silva\complytools-assistant\backend\complytools-assistant\src\main\java\com\complytools\dto\CaseResponseDTO.java. Using fallback presentation compiler.
2026.04.25 11:50:21 INFO  no build target found for C:\Users\Jherson Silva\complytools-assistant\backend\complytools-assistant\src\main\java\com\complytools\dto\CaseResponseDTO.java. Using fallback presentation compiler.
2026.04.25 11:50:21 INFO  no build target found for C:\Users\Jherson Silva\complytools-assistant\backend\complytools-assistant\src\main\java\com\complytools\dto\CaseResponseDTO.java. Using fallback presentation compiler.
2026.04.25 11:50:21 INFO  no build target found for C:\Users\Jherson Silva\complytools-assistant\backend\complytools-assistant\src\main\java\com\complytools\dto\CaseResponseDTO.java. Using fallback presentation compiler.
2026.04.25 11:50:22 INFO  no build target found for C:\Users\Jherson Silva\complytools-assistant\backend\complytools-assistant\src\main\java\com\complytools\dto\CaseResponseDTO.java. Using fallback presentation compiler.
2026.04.25 11:50:22 WARN  no build target for: C:\Users\Jherson Silva\complytools-assistant\backend\complytools-assistant\src\main\java\com\complytools\dto\CaseResponseDTO.java
2026.04.25 11:50:22 INFO  no build target found for C:\Users\Jherson Silva\complytools-assistant\backend\complytools-assistant\src\main\java\com\complytools\dto\CaseResponseDTO.java. Using fallback presentation compiler.
2026.04.25 11:50:28 INFO  no build target found for C:\Users\Jherson Silva\complytools-assistant\backend\complytools-assistant\src\main\java\com\complytools\dto\SourceRequestDTO.java. Using fallback presentation compiler.
2026.04.25 11:50:28 WARN  no build target for: C:\Users\Jherson Silva\complytools-assistant\backend\complytools-assistant\src\main\java\com\complytools\dto\SourceRequestDTO.java
2026.04.25 11:50:28 INFO  no build target found for C:\Users\Jherson Silva\complytools-assistant\backend\complytools-assistant\src\main\java\com\complytools\dto\SourceRequestDTO.java. Using fallback presentation compiler.
2026.04.25 11:50:28 WARN  Running javac-semanticdb failed for file:///C:/Users/Jherson%20Silva/complytools-assistant/backend/complytools-assistant/src/main/java/com/complytools/dto/SourceRequestDTO.java. Output:

2026.04.25 11:50:28 INFO  no build target found for C:\Users\Jherson Silva\complytools-assistant\backend\complytools-assistant\src\main\java\com\complytools\dto\SourceRequestDTO.java. Using fallback presentation compiler.
2026.04.25 11:50:28 INFO  no build target found for C:\Users\Jherson Silva\complytools-assistant\backend\complytools-assistant\src\main\java\com\complytools\dto\SourceRequestDTO.java. Using fallback presentation compiler.
2026.04.25 11:50:29 INFO  no build target found for C:\Users\Jherson Silva\complytools-assistant\backend\complytools-assistant\src\main\java\com\complytools\dto\SourceRequestDTO.java. Using fallback presentation compiler.
2026.04.25 11:50:28 INFO  no build target found for C:\Users\Jherson Silva\complytools-assistant\backend\complytools-assistant\src\main\java\com\complytools\dto\SourceRequestDTO.java. Using fallback presentation compiler.
2026.04.25 11:50:28 INFO  no build target found for C:\Users\Jherson Silva\complytools-assistant\backend\complytools-assistant\src\main\java\com\complytools\dto\SourceRequestDTO.java. Using fallback presentation compiler.
2026.04.25 11:50:29 INFO  no build target found for C:\Users\Jherson Silva\complytools-assistant\backend\complytools-assistant\src\main\java\com\complytools\dto\SourceRequestDTO.java. Using fallback presentation compiler.
2026.04.25 11:50:29 INFO  no build target found for C:\Users\Jherson Silva\complytools-assistant\backend\complytools-assistant\src\main\java\com\complytools\dto\SourceRequestDTO.java. Using fallback presentation compiler.
2026.04.25 11:50:29 INFO  no build target found for C:\Users\Jherson Silva\complytools-assistant\backend\complytools-assistant\src\main\java\com\complytools\dto\SourceRequestDTO.java. Using fallback presentation compiler.
2026.04.25 11:50:29 INFO  no build target found for C:\Users\Jherson Silva\complytools-assistant\backend\complytools-assistant\src\main\java\com\complytools\dto\SourceRequestDTO.java. Using fallback presentation compiler.
2026.04.25 11:50:30 INFO  no build target found for C:\Users\Jherson Silva\complytools-assistant\backend\complytools-assistant\src\main\java\com\complytools\dto\SourceRequestDTO.java. Using fallback presentation compiler.
2026.04.25 11:50:31 WARN  no build target for: C:\Users\Jherson Silva\complytools-assistant\backend\complytools-assistant\src\main\java\com\complytools\dto\SourceRequestDTO.java
2026.04.25 11:50:31 INFO  no build target found for C:\Users\Jherson Silva\complytools-assistant\backend\complytools-assistant\src\main\java\com\complytools\dto\SourceRequestDTO.java. Using fallback presentation compiler.
2026.04.25 11:50:37 WARN  no build target for: C:\Users\Jherson Silva\complytools-assistant\backend\complytools-assistant\src\main\java\com\complytools\dto\SourceResponseDTO.java
2026.04.25 11:50:37 INFO  no build target found for C:\Users\Jherson Silva\complytools-assistant\backend\complytools-assistant\src\main\java\com\complytools\dto\SourceResponseDTO.java. Using fallback presentation compiler.
2026.04.25 11:50:37 WARN  Running javac-semanticdb failed for file:///C:/Users/Jherson%20Silva/complytools-assistant/backend/complytools-assistant/src/main/java/com/complytools/dto/SourceResponseDTO.java. Output:

2026.04.25 11:50:37 INFO  no build target found for C:\Users\Jherson Silva\complytools-assistant\backend\complytools-assistant\src\main\java\com\complytools\dto\SourceResponseDTO.java. Using fallback presentation compiler.
2026.04.25 11:50:37 INFO  no build target found for C:\Users\Jherson Silva\complytools-assistant\backend\complytools-assistant\src\main\java\com\complytools\dto\SourceResponseDTO.java. Using fallback presentation compiler.
2026.04.25 11:50:37 INFO  no build target found for C:\Users\Jherson Silva\complytools-assistant\backend\complytools-assistant\src\main\java\com\complytools\dto\SourceResponseDTO.java. Using fallback presentation compiler.
2026.04.25 11:50:37 INFO  no build target found for C:\Users\Jherson Silva\complytools-assistant\backend\complytools-assistant\src\main\java\com\complytools\dto\SourceResponseDTO.java. Using fallback presentation compiler.
2026.04.25 11:50:37 INFO  no build target found for C:\Users\Jherson Silva\complytools-assistant\backend\complytools-assistant\src\main\java\com\complytools\dto\SourceResponseDTO.java. Using fallback presentation compiler.
2026.04.25 11:50:37 INFO  no build target found for C:\Users\Jherson Silva\complytools-assistant\backend\complytools-assistant\src\main\java\com\complytools\dto\SourceResponseDTO.java. Using fallback presentation compiler.
2026.04.25 11:50:37 INFO  no build target found for C:\Users\Jherson Silva\complytools-assistant\backend\complytools-assistant\src\main\java\com\complytools\dto\SourceResponseDTO.java. Using fallback presentation compiler.
2026.04.25 11:50:38 INFO  no build target found for C:\Users\Jherson Silva\complytools-assistant\backend\complytools-assistant\src\main\java\com\complytools\dto\SourceResponseDTO.java. Using fallback presentation compiler.
2026.04.25 11:50:38 INFO  no build target found for C:\Users\Jherson Silva\complytools-assistant\backend\complytools-assistant\src\main\java\com\complytools\dto\SourceResponseDTO.java. Using fallback presentation compiler.
2026.04.25 11:50:38 INFO  no build target found for C:\Users\Jherson Silva\complytools-assistant\backend\complytools-assistant\src\main\java\com\complytools\dto\SourceResponseDTO.java. Using fallback presentation compiler.
2026.04.25 11:50:39 INFO  no build target found for C:\Users\Jherson Silva\complytools-assistant\backend\complytools-assistant\src\main\java\com\complytools\dto\SourceResponseDTO.java. Using fallback presentation compiler.
2026.04.25 11:50:39 WARN  no build target for: C:\Users\Jherson Silva\complytools-assistant\backend\complytools-assistant\src\main\java\com\complytools\dto\SourceResponseDTO.java
2026.04.25 11:50:39 INFO  no build target found for C:\Users\Jherson Silva\complytools-assistant\backend\complytools-assistant\src\main\java\com\complytools\dto\SourceResponseDTO.java. Using fallback presentation compiler.
2026.04.25 11:50:48 WARN  no build target for: C:\Users\Jherson Silva\complytools-assistant\backend\complytools-assistant\src\main\java\com\complytools\service\CaseService.java
2026.04.25 11:50:48 INFO  no build target found for C:\Users\Jherson Silva\complytools-assistant\backend\complytools-assistant\src\main\java\com\complytools\service\CaseService.java. Using fallback presentation compiler.
2026.04.25 11:50:48 INFO  no build target found for C:\Users\Jherson Silva\complytools-assistant\backend\complytools-assistant\src\main\java\com\complytools\service\CaseService.java. Using fallback presentation compiler.
2026.04.25 11:50:48 INFO  no build target found for C:\Users\Jherson Silva\complytools-assistant\backend\complytools-assistant\src\main\java\com\complytools\service\CaseService.java. Using fallback presentation compiler.
2026.04.25 11:50:48 WARN  Running javac-semanticdb failed for file:///C:/Users/Jherson%20Silva/complytools-assistant/backend/complytools-assistant/src/main/java/com/complytools/service/CaseService.java. Output:

2026.04.25 11:50:48 INFO  no build target found for C:\Users\Jherson Silva\complytools-assistant\backend\complytools-assistant\src\main\java\com\complytools\service\CaseService.java. Using fallback presentation compiler.
2026.04.25 11:50:49 INFO  no build target found for C:\Users\Jherson Silva\complytools-assistant\backend\complytools-assistant\src\main\java\com\complytools\service\CaseService.java. Using fallback presentation compiler.
2026.04.25 11:50:49 INFO  no build target found for C:\Users\Jherson Silva\complytools-assistant\backend\complytools-assistant\src\main\java\com\complytools\service\CaseService.java. Using fallback presentation compiler.
2026.04.25 11:50:49 INFO  no build target found for C:\Users\Jherson Silva\complytools-assistant\backend\complytools-assistant\src\main\java\com\complytools\service\CaseService.java. Using fallback presentation compiler.
2026.04.25 11:50:49 INFO  no build target found for C:\Users\Jherson Silva\complytools-assistant\backend\complytools-assistant\src\main\java\com\complytools\service\CaseService.java. Using fallback presentation compiler.
2026.04.25 11:50:49 INFO  no build target found for C:\Users\Jherson Silva\complytools-assistant\backend\complytools-assistant\src\main\java\com\complytools\service\CaseService.java. Using fallback presentation compiler.
2026.04.25 11:50:50 INFO  no build target found for C:\Users\Jherson Silva\complytools-assistant\backend\complytools-assistant\src\main\java\com\complytools\service\CaseService.java. Using fallback presentation compiler.
2026.04.25 11:50:50 INFO  no build target found for C:\Users\Jherson Silva\complytools-assistant\backend\complytools-assistant\src\main\java\com\complytools\service\CaseService.java. Using fallback presentation compiler.
2026.04.25 11:50:50 INFO  no build target found for C:\Users\Jherson Silva\complytools-assistant\backend\complytools-assistant\src\main\java\com\complytools\service\CaseService.java. Using fallback presentation compiler.
2026.04.25 11:50:50 INFO  no build target found for C:\Users\Jherson Silva\complytools-assistant\backend\complytools-assistant\src\main\java\com\complytools\service\CaseService.java. Using fallback presentation compiler.
2026.04.25 11:50:50 WARN  Running javac-semanticdb failed for file:///C:/Users/Jherson%20Silva/complytools-assistant/backend/complytools-assistant/src/main/java/com/complytools/service/CaseService.java. Output:

2026.04.25 11:50:50 INFO  no build target found for C:\Users\Jherson Silva\complytools-assistant\backend\complytools-assistant\src\main\java\com\complytools\service\CaseService.java. Using fallback presentation compiler.
2026.04.25 11:50:51 WARN  no build target for: C:\Users\Jherson Silva\complytools-assistant\backend\complytools-assistant\src\main\java\com\complytools\service\CaseService.java
2026.04.25 11:50:50 INFO  no build target found for C:\Users\Jherson Silva\complytools-assistant\backend\complytools-assistant\src\main\java\com\complytools\service\CaseService.java. Using fallback presentation compiler.
2026.04.25 11:50:52 INFO  no build target found for C:\Users\Jherson Silva\complytools-assistant\backend\complytools-assistant\src\main\java\com\complytools\service\CaseService.java. Using fallback presentation compiler.
2026.04.25 11:51:08 INFO  no build target found for C:\Users\Jherson Silva\complytools-assistant\backend\complytools-assistant\src\main\java\com\complytools\dto\SourceResponseDTO.java. Using fallback presentation compiler.
2026.04.25 11:51:08 WARN  no build target for: C:\Users\Jherson Silva\complytools-assistant\backend\complytools-assistant\src\main\java\com\complytools\dto\SourceResponseDTO.java
2026.04.25 11:51:08 INFO  no build target found for C:\Users\Jherson Silva\complytools-assistant\backend\complytools-assistant\src\main\java\com\complytools\dto\SourceResponseDTO.java. Using fallback presentation compiler.
2026.04.25 11:51:08 INFO  no build target found for C:\Users\Jherson Silva\complytools-assistant\backend\complytools-assistant\src\main\java\com\complytools\dto\SourceResponseDTO.java. Using fallback presentation compiler.
2026.04.25 11:51:08 INFO  no build target found for C:\Users\Jherson Silva\complytools-assistant\backend\complytools-assistant\src\main\java\com\complytools\dto\SourceResponseDTO.java. Using fallback presentation compiler.
2026.04.25 11:51:08 INFO  no build target found for C:\Users\Jherson Silva\complytools-assistant\backend\complytools-assistant\src\main\java\com\complytools\service\CaseService.java. Using fallback presentation compiler.
2026.04.25 11:51:08 WARN  no build target for: C:\Users\Jherson Silva\complytools-assistant\backend\complytools-assistant\src\main\java\com\complytools\service\CaseService.java
2026.04.25 11:51:08 INFO  no build target found for C:\Users\Jherson Silva\complytools-assistant\backend\complytools-assistant\src\main\java\com\complytools\service\CaseService.java. Using fallback presentation compiler.
2026.04.25 11:51:09 INFO  no build target found for C:\Users\Jherson Silva\complytools-assistant\backend\complytools-assistant\src\main\java\com\complytools\service\CaseService.java. Using fallback presentation compiler.
2026.04.25 11:51:08 INFO  no build target found for C:\Users\Jherson Silva\complytools-assistant\backend\complytools-assistant\src\main\java\com\complytools\service\CaseService.java. Using fallback presentation compiler.
2026.04.25 11:51:10 WARN  no build target for: C:\Users\Jherson Silva\complytools-assistant\backend\complytools-assistant\src\main\java\com\complytools\service\SourceService.java
2026.04.25 11:51:10 INFO  no build target found for C:\Users\Jherson Silva\complytools-assistant\backend\complytools-assistant\src\main\java\com\complytools\service\SourceService.java. Using fallback presentation compiler.
2026.04.25 11:51:10 INFO  no build target found for C:\Users\Jherson Silva\complytools-assistant\backend\complytools-assistant\src\main\java\com\complytools\service\SourceService.java. Using fallback presentation compiler.
2026.04.25 11:51:10 WARN  Running javac-semanticdb failed for file:///C:/Users/Jherson%20Silva/complytools-assistant/backend/complytools-assistant/src/main/java/com/complytools/service/SourceService.java. Output:

2026.04.25 11:51:10 INFO  no build target found for C:\Users\Jherson Silva\complytools-assistant\backend\complytools-assistant\src\main\java\com\complytools\service\SourceService.java. Using fallback presentation compiler.
2026.04.25 11:51:10 INFO  no build target found for C:\Users\Jherson Silva\complytools-assistant\backend\complytools-assistant\src\main\java\com\complytools\service\SourceService.java. Using fallback presentation compiler.
2026.04.25 11:51:11 INFO  no build target found for C:\Users\Jherson Silva\complytools-assistant\backend\complytools-assistant\src\main\java\com\complytools\service\SourceService.java. Using fallback presentation compiler.
2026.04.25 11:51:10 INFO  no build target found for C:\Users\Jherson Silva\complytools-assistant\backend\complytools-assistant\src\main\java\com\complytools\service\SourceService.java. Using fallback presentation compiler.
2026.04.25 11:51:10 INFO  no build target found for C:\Users\Jherson Silva\complytools-assistant\backend\complytools-assistant\src\main\java\com\complytools\service\SourceService.java. Using fallback presentation compiler.
2026.04.25 11:51:11 INFO  no build target found for C:\Users\Jherson Silva\complytools-assistant\backend\complytools-assistant\src\main\java\com\complytools\service\SourceService.java. Using fallback presentation compiler.
2026.04.25 11:51:11 INFO  no build target found for C:\Users\Jherson Silva\complytools-assistant\backend\complytools-assistant\src\main\java\com\complytools\service\SourceService.java. Using fallback presentation compiler.
2026.04.25 11:51:11 INFO  no build target found for C:\Users\Jherson Silva\complytools-assistant\backend\complytools-assistant\src\main\java\com\complytools\service\SourceService.java. Using fallback presentation compiler.
2026.04.25 11:51:11 INFO  no build target found for C:\Users\Jherson Silva\complytools-assistant\backend\complytools-assistant\src\main\java\com\complytools\service\SourceService.java. Using fallback presentation compiler.
2026.04.25 11:51:12 INFO  no build target found for C:\Users\Jherson Silva\complytools-assistant\backend\complytools-assistant\src\main\java\com\complytools\service\SourceService.java. Using fallback presentation compiler.
2026.04.25 11:51:12 WARN  Running javac-semanticdb failed for file:///C:/Users/Jherson%20Silva/complytools-assistant/backend/complytools-assistant/src/main/java/com/complytools/service/SourceService.java. Output:

2026.04.25 11:51:13 INFO  no build target found for C:\Users\Jherson Silva\complytools-assistant\backend\complytools-assistant\src\main\java\com\complytools\service\SourceService.java. Using fallback presentation compiler.
2026.04.25 11:51:13 WARN  no build target for: C:\Users\Jherson Silva\complytools-assistant\backend\complytools-assistant\src\main\java\com\complytools\service\SourceService.java
2026.04.25 11:51:13 INFO  no build target found for C:\Users\Jherson Silva\complytools-assistant\backend\complytools-assistant\src\main\java\com\complytools\service\SourceService.java. Using fallback presentation compiler.
2026.04.25 11:51:13 INFO  no build target found for C:\Users\Jherson Silva\complytools-assistant\backend\complytools-assistant\src\main\java\com\complytools\service\SourceService.java. Using fallback presentation compiler.
2026.04.25 11:51:13 INFO  no build target found for C:\Users\Jherson Silva\complytools-assistant\backend\complytools-assistant\src\main\java\com\complytools\service\SourceService.java. Using fallback presentation compiler.
2026.04.25 11:51:14 INFO  no build target found for C:\Users\Jherson Silva\complytools-assistant\backend\complytools-assistant\src\main\java\com\complytools\service\SourceService.java. Using fallback presentation compiler.
2026.04.25 11:51:14 INFO  no build target found for C:\Users\Jherson Silva\complytools-assistant\backend\complytools-assistant\src\main\java\com\complytools\service\SourceService.java. Using fallback presentation compiler.
2026.04.25 11:51:14 WARN  Running javac-semanticdb failed for file:///C:/Users/Jherson%20Silva/complytools-assistant/backend/complytools-assistant/src/main/java/com/complytools/service/SourceService.java. Output:

2026.04.25 11:51:14 INFO  no build target found for C:\Users\Jherson Silva\complytools-assistant\backend\complytools-assistant\src\main\java\com\complytools\service\SourceService.java. Using fallback presentation compiler.
2026.04.25 11:51:15 WARN  no build target for: C:\Users\Jherson Silva\complytools-assistant\backend\complytools-assistant\src\main\java\com\complytools\service\SourceService.java
2026.04.25 11:51:15 INFO  no build target found for C:\Users\Jherson Silva\complytools-assistant\backend\complytools-assistant\src\main\java\com\complytools\service\SourceService.java. Using fallback presentation compiler.
2026.04.25 11:51:14 INFO  no build target found for C:\Users\Jherson Silva\complytools-assistant\backend\complytools-assistant\src\main\java\com\complytools\service\SourceService.java. Using fallback presentation compiler.
2026.04.25 11:51:15 INFO  no build target found for C:\Users\Jherson Silva\complytools-assistant\backend\complytools-assistant\src\main\java\com\complytools\service\SourceService.java. Using fallback presentation compiler.
2026.04.25 11:51:15 INFO  no build target found for C:\Users\Jherson Silva\complytools-assistant\backend\complytools-assistant\src\main\java\com\complytools\service\SourceService.java. Using fallback presentation compiler.
2026.04.25 11:51:15 INFO  no build target found for C:\Users\Jherson Silva\complytools-assistant\backend\complytools-assistant\src\main\java\com\complytools\service\SourceService.java. Using fallback presentation compiler.
2026.04.25 11:51:15 WARN  Running javac-semanticdb failed for file:///C:/Users/Jherson%20Silva/complytools-assistant/backend/complytools-assistant/src/main/java/com/complytools/service/SourceService.java. Output:

2026.04.25 11:51:16 WARN  no build target for: C:\Users\Jherson Silva\complytools-assistant\backend\complytools-assistant\src\main\java\com\complytools\service\SourceService.java
2026.04.25 11:51:16 INFO  no build target found for C:\Users\Jherson Silva\complytools-assistant\backend\complytools-assistant\src\main\java\com\complytools\service\SourceService.java. Using fallback presentation compiler.
2026.04.25 11:51:16 INFO  no build target found for C:\Users\Jherson Silva\complytools-assistant\backend\complytools-assistant\src\main\java\com\complytools\service\SourceService.java. Using fallback presentation compiler.
2026.04.25 11:51:17 INFO  no build target found for C:\Users\Jherson Silva\complytools-assistant\backend\complytools-assistant\src\main\java\com\complytools\service\SourceService.java. Using fallback presentation compiler.
2026.04.25 11:51:23 WARN  no build target for: C:\Users\Jherson Silva\complytools-assistant\backend\complytools-assistant\src\main\java\com\complytools\service\ExportService.java
2026.04.25 11:51:23 INFO  no build target found for C:\Users\Jherson Silva\complytools-assistant\backend\complytools-assistant\src\main\java\com\complytools\service\ExportService.java. Using fallback presentation compiler.
2026.04.25 11:51:23 INFO  no build target found for C:\Users\Jherson Silva\complytools-assistant\backend\complytools-assistant\src\main\java\com\complytools\service\ExportService.java. Using fallback presentation compiler.
2026.04.25 11:51:23 WARN  Running javac-semanticdb failed for file:///C:/Users/Jherson%20Silva/complytools-assistant/backend/complytools-assistant/src/main/java/com/complytools/service/ExportService.java. Output:

2026.04.25 11:51:23 INFO  no build target found for C:\Users\Jherson Silva\complytools-assistant\backend\complytools-assistant\src\main\java\com\complytools\service\ExportService.java. Using fallback presentation compiler.
2026.04.25 11:51:23 INFO  no build target found for C:\Users\Jherson Silva\complytools-assistant\backend\complytools-assistant\src\main\java\com\complytools\service\ExportService.java. Using fallback presentation compiler.
2026.04.25 11:51:23 INFO  no build target found for C:\Users\Jherson Silva\complytools-assistant\backend\complytools-assistant\src\main\java\com\complytools\service\ExportService.java. Using fallback presentation compiler.
2026.04.25 11:51:23 INFO  no build target found for C:\Users\Jherson Silva\complytools-assistant\backend\complytools-assistant\src\main\java\com\complytools\service\ExportService.java. Using fallback presentation compiler.
2026.04.25 11:51:23 INFO  no build target found for C:\Users\Jherson Silva\complytools-assistant\backend\complytools-assistant\src\main\java\com\complytools\service\ExportService.java. Using fallback presentation compiler.
2026.04.25 11:51:23 INFO  Created report: Optional[file:///C:/Users/Jherson%20Silva/complytools-assistant/backend/complytools-assistant/src/main/java/com/complytools/service/ExportService.java]
2026.04.25 11:51:23 INFO  empty definition using pc, found symbol in pc: _empty_/Case#getEstado# (full report at: "C:\Users\Jherson Silva\complytools-assistant\.metals\.reports\metals-full\2026-04-25\r_empty-definition_11-51-23-845.md")
2026.04.25 11:51:23 WARN  no build target for: C:\Users\Jherson Silva\complytools-assistant\backend\complytools-assistant\src\main\java\com\complytools\model\Case.java
2026.04.25 11:51:23 INFO  no build target found for C:\Users\Jherson Silva\complytools-assistant\backend\complytools-assistant\src\main\java\com\complytools\model\Case.java. Using fallback presentation compiler.
2026.04.25 11:51:23 WARN  Running javac-semanticdb failed for file:///C:/Users/Jherson%20Silva/complytools-assistant/backend/complytools-assistant/src/main/java/com/complytools/model/Case.java. Output:

2026.04.25 11:51:23 INFO  no build target found for C:\Users\Jherson Silva\complytools-assistant\backend\complytools-assistant\src\main\java\com\complytools\service\ExportService.java. Using fallback presentation compiler.
2026.04.25 11:51:23 WARN  no build target for: C:\Users\Jherson Silva\complytools-assistant\backend\complytools-assistant\src\main\java\com\complytools\model\Case.java
2026.04.25 11:51:23 WARN  Running javac-semanticdb failed for file:///C:/Users/Jherson%20Silva/complytools-assistant/backend/complytools-assistant/src/main/java/com/complytools/model/Case.java. Output:

2026.04.25 11:51:23 INFO  no build target found for C:\Users\Jherson Silva\complytools-assistant\backend\complytools-assistant\src\main\java\com\complytools\service\ExportService.java. Using fallback presentation compiler.
2026.04.25 11:51:24 INFO  no build target found for C:\Users\Jherson Silva\complytools-assistant\backend\complytools-assistant\src\main\java\com\complytools\service\ExportService.java. Using fallback presentation compiler.
2026.04.25 11:51:24 INFO  no build target found for C:\Users\Jherson Silva\complytools-assistant\backend\complytools-assistant\src\main\java\com\complytools\service\ExportService.java. Using fallback presentation compiler.
2026.04.25 11:51:24 INFO  no build target found for C:\Users\Jherson Silva\complytools-assistant\backend\complytools-assistant\src\main\java\com\complytools\service\ExportService.java. Using fallback presentation compiler.
2026.04.25 11:51:24 INFO  no build target found for C:\Users\Jherson Silva\complytools-assistant\backend\complytools-assistant\src\main\java\com\complytools\service\ExportService.java. Using fallback presentation compiler.
2026.04.25 11:51:25 INFO  no build target found for C:\Users\Jherson Silva\complytools-assistant\backend\complytools-assistant\src\main\java\com\complytools\service\ExportService.java. Using fallback presentation compiler.
2026.04.25 11:51:25 WARN  Running javac-semanticdb failed for file:///C:/Users/Jherson%20Silva/complytools-assistant/backend/complytools-assistant/src/main/java/com/complytools/service/ExportService.java. Output:

2026.04.25 11:51:25 INFO  no build target found for C:\Users\Jherson Silva\complytools-assistant\backend\complytools-assistant\src\main\java\com\complytools\service\ExportService.java. Using fallback presentation compiler.
2026.04.25 11:51:25 WARN  no build target for: C:\Users\Jherson Silva\complytools-assistant\backend\complytools-assistant\src\main\java\com\complytools\service\ExportService.java
2026.04.25 11:51:25 INFO  no build target found for C:\Users\Jherson Silva\complytools-assistant\backend\complytools-assistant\src\main\java\com\complytools\service\ExportService.java. Using fallback presentation compiler.
2026.04.25 11:51:39 WARN  no build target for: C:\Users\Jherson Silva\complytools-assistant\backend\complytools-assistant\src\main\java\com\complytools\controller\CaseController.java
2026.04.25 11:51:39 INFO  no build target found for C:\Users\Jherson Silva\complytools-assistant\backend\complytools-assistant\src\main\java\com\complytools\controller\CaseController.java. Using fallback presentation compiler.
2026.04.25 11:51:39 WARN  Running javac-semanticdb failed for file:///C:/Users/Jherson%20Silva/complytools-assistant/backend/complytools-assistant/src/main/java/com/complytools/controller/CaseController.java. Output:

2026.04.25 11:51:39 INFO  no build target found for C:\Users\Jherson Silva\complytools-assistant\backend\complytools-assistant\src\main\java\com\complytools\controller\CaseController.java. Using fallback presentation compiler.
2026.04.25 11:51:39 INFO  no build target found for C:\Users\Jherson Silva\complytools-assistant\backend\complytools-assistant\src\main\java\com\complytools\controller\CaseController.java. Using fallback presentation compiler.
2026.04.25 11:51:39 INFO  no build target found for C:\Users\Jherson Silva\complytools-assistant\backend\complytools-assistant\src\main\java\com\complytools\controller\CaseController.java. Using fallback presentation compiler.
2026.04.25 11:51:39 INFO  no build target found for C:\Users\Jherson Silva\complytools-assistant\backend\complytools-assistant\src\main\java\com\complytools\controller\CaseController.java. Using fallback presentation compiler.
2026.04.25 11:51:39 INFO  no build target found for C:\Users\Jherson Silva\complytools-assistant\backend\complytools-assistant\src\main\java\com\complytools\controller\CaseController.java. Using fallback presentation compiler.
2026.04.25 11:51:40 INFO  no build target found for C:\Users\Jherson Silva\complytools-assistant\backend\complytools-assistant\src\main\java\com\complytools\controller\CaseController.java. Using fallback presentation compiler.
2026.04.25 11:51:40 INFO  no build target found for C:\Users\Jherson Silva\complytools-assistant\backend\complytools-assistant\src\main\java\com\complytools\controller\CaseController.java. Using fallback presentation compiler.
2026.04.25 11:51:40 INFO  no build target found for C:\Users\Jherson Silva\complytools-assistant\backend\complytools-assistant\src\main\java\com\complytools\controller\CaseController.java. Using fallback presentation compiler.
2026.04.25 11:51:40 INFO  no build target found for C:\Users\Jherson Silva\complytools-assistant\backend\complytools-assistant\src\main\java\com\complytools\controller\CaseController.java. Using fallback presentation compiler.
2026.04.25 11:51:40 INFO  no build target found for C:\Users\Jherson Silva\complytools-assistant\backend\complytools-assistant\src\main\java\com\complytools\controller\CaseController.java. Using fallback presentation compiler.
2026.04.25 11:51:40 WARN  Running javac-semanticdb failed for file:///C:/Users/Jherson%20Silva/complytools-assistant/backend/complytools-assistant/src/main/java/com/complytools/controller/CaseController.java. Output:

2026.04.25 11:51:41 WARN  no build target for: C:\Users\Jherson Silva\complytools-assistant\backend\complytools-assistant\src\main\java\com\complytools\controller\CaseController.java
2026.04.25 11:51:41 INFO  no build target found for C:\Users\Jherson Silva\complytools-assistant\backend\complytools-assistant\src\main\java\com\complytools\controller\CaseController.java. Using fallback presentation compiler.
2026.04.25 11:51:47 WARN  no build target for: C:\Users\Jherson Silva\complytools-assistant\backend\complytools-assistant\src\main\java\com\complytools\controller\SourceController.java
2026.04.25 11:51:47 INFO  no build target found for C:\Users\Jherson Silva\complytools-assistant\backend\complytools-assistant\src\main\java\com\complytools\controller\SourceController.java. Using fallback presentation compiler.
2026.04.25 11:51:47 WARN  Running javac-semanticdb failed for file:///C:/Users/Jherson%20Silva/complytools-assistant/backend/complytools-assistant/src/main/java/com/complytools/controller/SourceController.java. Output:

2026.04.25 11:51:47 INFO  no build target found for C:\Users\Jherson Silva\complytools-assistant\backend\complytools-assistant\src\main\java\com\complytools\controller\SourceController.java. Using fallback presentation compiler.
2026.04.25 11:51:47 INFO  no build target found for C:\Users\Jherson Silva\complytools-assistant\backend\complytools-assistant\src\main\java\com\complytools\controller\SourceController.java. Using fallback presentation compiler.
2026.04.25 11:51:47 INFO  no build target found for C:\Users\Jherson Silva\complytools-assistant\backend\complytools-assistant\src\main\java\com\complytools\controller\SourceController.java. Using fallback presentation compiler.
2026.04.25 11:51:48 INFO  no build target found for C:\Users\Jherson Silva\complytools-assistant\backend\complytools-assistant\src\main\java\com\complytools\controller\SourceController.java. Using fallback presentation compiler.
2026.04.25 11:51:47 INFO  no build target found for C:\Users\Jherson Silva\complytools-assistant\backend\complytools-assistant\src\main\java\com\complytools\controller\SourceController.java. Using fallback presentation compiler.
2026.04.25 11:51:47 INFO  no build target found for C:\Users\Jherson Silva\complytools-assistant\backend\complytools-assistant\src\main\java\com\complytools\controller\SourceController.java. Using fallback presentation compiler.
2026.04.25 11:51:48 INFO  no build target found for C:\Users\Jherson Silva\complytools-assistant\backend\complytools-assistant\src\main\java\com\complytools\controller\SourceController.java. Using fallback presentation compiler.
2026.04.25 11:51:48 INFO  no build target found for C:\Users\Jherson Silva\complytools-assistant\backend\complytools-assistant\src\main\java\com\complytools\controller\SourceController.java. Using fallback presentation compiler.
2026.04.25 11:51:48 INFO  no build target found for C:\Users\Jherson Silva\complytools-assistant\backend\complytools-assistant\src\main\java\com\complytools\controller\SourceController.java. Using fallback presentation compiler.
2026.04.25 11:51:48 INFO  no build target found for C:\Users\Jherson Silva\complytools-assistant\backend\complytools-assistant\src\main\java\com\complytools\controller\SourceController.java. Using fallback presentation compiler.
2026.04.25 11:51:49 INFO  no build target found for C:\Users\Jherson Silva\complytools-assistant\backend\complytools-assistant\src\main\java\com\complytools\controller\SourceController.java. Using fallback presentation compiler.
2026.04.25 11:51:49 WARN  Running javac-semanticdb failed for file:///C:/Users/Jherson%20Silva/complytools-assistant/backend/complytools-assistant/src/main/java/com/complytools/controller/SourceController.java. Output:

2026.04.25 11:51:50 WARN  no build target for: C:\Users\Jherson Silva\complytools-assistant\backend\complytools-assistant\src\main\java\com\complytools\controller\SourceController.java
2026.04.25 11:51:50 INFO  no build target found for C:\Users\Jherson Silva\complytools-assistant\backend\complytools-assistant\src\main\java\com\complytools\controller\SourceController.java. Using fallback presentation compiler.
2026.04.25 11:51:55 WARN  no build target for: C:\Users\Jherson Silva\complytools-assistant\backend\complytools-assistant\src\main\java\com\complytools\controller\ExportController.java
2026.04.25 11:51:55 INFO  no build target found for C:\Users\Jherson Silva\complytools-assistant\backend\complytools-assistant\src\main\java\com\complytools\controller\ExportController.java. Using fallback presentation compiler.
2026.04.25 11:51:55 WARN  Running javac-semanticdb failed for file:///C:/Users/Jherson%20Silva/complytools-assistant/backend/complytools-assistant/src/main/java/com/complytools/controller/ExportController.java. Output:

2026.04.25 11:51:55 INFO  no build target found for C:\Users\Jherson Silva\complytools-assistant\backend\complytools-assistant\src\main\java\com\complytools\controller\ExportController.java. Using fallback presentation compiler.
2026.04.25 11:51:55 INFO  no build target found for C:\Users\Jherson Silva\complytools-assistant\backend\complytools-assistant\src\main\java\com\complytools\controller\ExportController.java. Using fallback presentation compiler.
2026.04.25 11:51:55 INFO  no build target found for C:\Users\Jherson Silva\complytools-assistant\backend\complytools-assistant\src\main\java\com\complytools\controller\ExportController.java. Using fallback presentation compiler.
2026.04.25 11:51:55 INFO  no build target found for C:\Users\Jherson Silva\complytools-assistant\backend\complytools-assistant\src\main\java\com\complytools\controller\ExportController.java. Using fallback presentation compiler.
2026.04.25 11:51:55 INFO  no build target found for C:\Users\Jherson Silva\complytools-assistant\backend\complytools-assistant\src\main\java\com\complytools\controller\ExportController.java. Using fallback presentation compiler.
2026.04.25 11:51:55 INFO  no build target found for C:\Users\Jherson Silva\complytools-assistant\backend\complytools-assistant\src\main\java\com\complytools\controller\ExportController.java. Using fallback presentation compiler.
2026.04.25 11:51:55 INFO  no build target found for C:\Users\Jherson Silva\complytools-assistant\backend\complytools-assistant\src\main\java\com\complytools\controller\ExportController.java. Using fallback presentation compiler.
2026.04.25 11:51:56 INFO  no build target found for C:\Users\Jherson Silva\complytools-assistant\backend\complytools-assistant\src\main\java\com\complytools\controller\ExportController.java. Using fallback presentation compiler.
2026.04.25 11:51:56 INFO  no build target found for C:\Users\Jherson Silva\complytools-assistant\backend\complytools-assistant\src\main\java\com\complytools\controller\ExportController.java. Using fallback presentation compiler.
2026.04.25 11:51:56 INFO  no build target found for C:\Users\Jherson Silva\complytools-assistant\backend\complytools-assistant\src\main\java\com\complytools\controller\ExportController.java. Using fallback presentation compiler.
2026.04.25 11:51:56 INFO  no build target found for C:\Users\Jherson Silva\complytools-assistant\backend\complytools-assistant\src\main\java\com\complytools\controller\ExportController.java. Using fallback presentation compiler.
2026.04.25 11:51:57 WARN  Running javac-semanticdb failed for file:///C:/Users/Jherson%20Silva/complytools-assistant/backend/complytools-assistant/src/main/java/com/complytools/controller/ExportController.java. Output:

2026.04.25 11:51:57 WARN  no build target for: C:\Users\Jherson Silva\complytools-assistant\backend\complytools-assistant\src\main\java\com\complytools\controller\ExportController.java
2026.04.25 11:51:57 INFO  no build target found for C:\Users\Jherson Silva\complytools-assistant\backend\complytools-assistant\src\main\java\com\complytools\controller\ExportController.java. Using fallback presentation compiler.
2026.04.25 11:52:03 WARN  no build target for: C:\Users\Jherson Silva\complytools-assistant\backend\complytools-assistant\src\main\java\com\complytools\controller\AuditLogController.java
2026.04.25 11:52:03 INFO  no build target found for C:\Users\Jherson Silva\complytools-assistant\backend\complytools-assistant\src\main\java\com\complytools\controller\AuditLogController.java. Using fallback presentation compiler.
2026.04.25 11:52:03 INFO  no build target found for C:\Users\Jherson Silva\complytools-assistant\backend\complytools-assistant\src\main\java\com\complytools\controller\AuditLogController.java. Using fallback presentation compiler.
2026.04.25 11:52:03 WARN  Running javac-semanticdb failed for file:///C:/Users/Jherson%20Silva/complytools-assistant/backend/complytools-assistant/src/main/java/com/complytools/controller/AuditLogController.java. Output:

2026.04.25 11:52:03 INFO  no build target found for C:\Users\Jherson Silva\complytools-assistant\backend\complytools-assistant\src\main\java\com\complytools\controller\AuditLogController.java. Using fallback presentation compiler.
2026.04.25 11:52:03 INFO  no build target found for C:\Users\Jherson Silva\complytools-assistant\backend\complytools-assistant\src\main\java\com\complytools\controller\AuditLogController.java. Using fallback presentation compiler.
2026.04.25 11:52:03 INFO  no build target found for C:\Users\Jherson Silva\complytools-assistant\backend\complytools-assistant\src\main\java\com\complytools\controller\AuditLogController.java. Using fallback presentation compiler.
2026.04.25 11:52:03 INFO  no build target found for C:\Users\Jherson Silva\complytools-assistant\backend\complytools-assistant\src\main\java\com\complytools\controller\AuditLogController.java. Using fallback presentation compiler.
2026.04.25 11:52:03 INFO  no build target found for C:\Users\Jherson Silva\complytools-assistant\backend\complytools-assistant\src\main\java\com\complytools\controller\AuditLogController.java. Using fallback presentation compiler.
2026.04.25 11:52:03 INFO  no build target found for C:\Users\Jherson Silva\complytools-assistant\backend\complytools-assistant\src\main\java\com\complytools\controller\AuditLogController.java. Using fallback presentation compiler.
2026.04.25 11:52:04 INFO  no build target found for C:\Users\Jherson Silva\complytools-assistant\backend\complytools-assistant\src\main\java\com\complytools\controller\AuditLogController.java. Using fallback presentation compiler.
2026.04.25 11:52:04 INFO  no build target found for C:\Users\Jherson Silva\complytools-assistant\backend\complytools-assistant\src\main\java\com\complytools\controller\AuditLogController.java. Using fallback presentation compiler.
2026.04.25 11:52:04 INFO  no build target found for C:\Users\Jherson Silva\complytools-assistant\backend\complytools-assistant\src\main\java\com\complytools\controller\AuditLogController.java. Using fallback presentation compiler.
2026.04.25 11:52:04 INFO  no build target found for C:\Users\Jherson Silva\complytools-assistant\backend\complytools-assistant\src\main\java\com\complytools\controller\AuditLogController.java. Using fallback presentation compiler.
2026.04.25 11:52:04 WARN  Running javac-semanticdb failed for file:///C:/Users/Jherson%20Silva/complytools-assistant/backend/complytools-assistant/src/main/java/com/complytools/controller/AuditLogController.java. Output:

2026.04.25 11:52:04 INFO  no build target found for C:\Users\Jherson Silva\complytools-assistant\backend\complytools-assistant\src\main\java\com\complytools\controller\AuditLogController.java. Using fallback presentation compiler.
2026.04.25 11:52:05 WARN  no build target for: C:\Users\Jherson Silva\complytools-assistant\backend\complytools-assistant\src\main\java\com\complytools\controller\AuditLogController.java
2026.04.25 11:52:04 INFO  no build target found for C:\Users\Jherson Silva\complytools-assistant\backend\complytools-assistant\src\main\java\com\complytools\controller\AuditLogController.java. Using fallback presentation compiler.
2026.04.25 11:52:13 WARN  no build target for: C:\Users\Jherson Silva\complytools-assistant\backend\complytools-assistant\src\main\java\com\complytools\config\SecurityConfig.java
2026.04.25 11:52:13 INFO  no build target found for C:\Users\Jherson Silva\complytools-assistant\backend\complytools-assistant\src\main\java\com\complytools\config\SecurityConfig.java. Using fallback presentation compiler.
2026.04.25 11:52:13 INFO  no build target found for C:\Users\Jherson Silva\complytools-assistant\backend\complytools-assistant\src\main\java\com\complytools\config\SecurityConfig.java. Using fallback presentation compiler.
2026.04.25 11:52:13 WARN  Running javac-semanticdb failed for file:///C:/Users/Jherson%20Silva/complytools-assistant/backend/complytools-assistant/src/main/java/com/complytools/config/SecurityConfig.java. Output:

2026.04.25 11:52:14 INFO  no build target found for C:\Users\Jherson Silva\complytools-assistant\backend\complytools-assistant\src\main\java\com\complytools\config\SecurityConfig.java. Using fallback presentation compiler.
2026.04.25 11:52:13 INFO  no build target found for C:\Users\Jherson Silva\complytools-assistant\backend\complytools-assistant\src\main\java\com\complytools\config\SecurityConfig.java. Using fallback presentation compiler.
2026.04.25 11:52:13 INFO  no build target found for C:\Users\Jherson Silva\complytools-assistant\backend\complytools-assistant\src\main\java\com\complytools\config\SecurityConfig.java. Using fallback presentation compiler.
2026.04.25 11:52:13 INFO  no build target found for C:\Users\Jherson Silva\complytools-assistant\backend\complytools-assistant\src\main\java\com\complytools\config\SecurityConfig.java. Using fallback presentation compiler.
2026.04.25 11:52:16 INFO  no build target found for C:\Users\Jherson Silva\complytools-assistant\backend\complytools-assistant\src\main\java\com\complytools\config\SecurityConfig.java. Using fallback presentation compiler.
2026.04.25 11:52:16 INFO  no build target found for C:\Users\Jherson Silva\complytools-assistant\backend\complytools-assistant\src\main\java\com\complytools\config\SecurityConfig.java. Using fallback presentation compiler.
2026.04.25 11:52:16 INFO  no build target found for C:\Users\Jherson Silva\complytools-assistant\backend\complytools-assistant\src\main\java\com\complytools\config\SecurityConfig.java. Using fallback presentation compiler.
2026.04.25 11:52:16 INFO  no build target found for C:\Users\Jherson Silva\complytools-assistant\backend\complytools-assistant\src\main\java\com\complytools\config\SecurityConfig.java. Using fallback presentation compiler.
2026.04.25 11:52:16 WARN  Running javac-semanticdb failed for file:///C:/Users/Jherson%20Silva/complytools-assistant/backend/complytools-assistant/src/main/java/com/complytools/config/SecurityConfig.java. Output:

2026.04.25 11:52:16 INFO  no build target found for C:\Users\Jherson Silva\complytools-assistant\backend\complytools-assistant\src\main\java\com\complytools\config\SecurityConfig.java. Using fallback presentation compiler.
2026.04.25 11:52:17 WARN  no build target for: C:\Users\Jherson Silva\complytools-assistant\backend\complytools-assistant\src\main\java\com\complytools\config\SecurityConfig.java
2026.04.25 11:52:17 INFO  no build target found for C:\Users\Jherson Silva\complytools-assistant\backend\complytools-assistant\src\main\java\com\complytools\config\SecurityConfig.java. Using fallback presentation compiler.
2026.04.25 11:52:17 INFO  no build target found for C:\Users\Jherson Silva\complytools-assistant\backend\complytools-assistant\src\main\java\com\complytools\config\SecurityConfig.java. Using fallback presentation compiler.
2026.04.25 11:52:44 WARN  no build target for: C:\Users\Jherson Silva\complytools-assistant\backend\complytools-assistant\src\main\java\com\complytools\exception\GlobalExceptionHandler.java
2026.04.25 11:52:44 INFO  no build target found for C:\Users\Jherson Silva\complytools-assistant\backend\complytools-assistant\src\main\java\com\complytools\exception\GlobalExceptionHandler.java. Using fallback presentation compiler.
2026.04.25 11:52:44 INFO  no build target found for C:\Users\Jherson Silva\complytools-assistant\backend\complytools-assistant\src\main\java\com\complytools\exception\GlobalExceptionHandler.java. Using fallback presentation compiler.
2026.04.25 11:52:44 WARN  Running javac-semanticdb failed for file:///C:/Users/Jherson%20Silva/complytools-assistant/backend/complytools-assistant/src/main/java/com/complytools/exception/GlobalExceptionHandler.java. Output:

2026.04.25 11:52:44 INFO  no build target found for C:\Users\Jherson Silva\complytools-assistant\backend\complytools-assistant\src\main\java\com\complytools\exception\GlobalExceptionHandler.java. Using fallback presentation compiler.
2026.04.25 11:52:44 INFO  no build target found for C:\Users\Jherson Silva\complytools-assistant\backend\complytools-assistant\src\main\java\com\complytools\exception\GlobalExceptionHandler.java. Using fallback presentation compiler.
2026.04.25 11:52:44 INFO  no build target found for C:\Users\Jherson Silva\complytools-assistant\backend\complytools-assistant\src\main\java\com\complytools\exception\GlobalExceptionHandler.java. Using fallback presentation compiler.
2026.04.25 11:52:44 INFO  no build target found for C:\Users\Jherson Silva\complytools-assistant\backend\complytools-assistant\src\main\java\com\complytools\exception\GlobalExceptionHandler.java. Using fallback presentation compiler.
2026.04.25 11:52:44 INFO  no build target found for C:\Users\Jherson Silva\complytools-assistant\backend\complytools-assistant\src\main\java\com\complytools\exception\GlobalExceptionHandler.java. Using fallback presentation compiler.
2026.04.25 11:52:44 INFO  no build target found for C:\Users\Jherson Silva\complytools-assistant\backend\complytools-assistant\src\main\java\com\complytools\exception\GlobalExceptionHandler.java. Using fallback presentation compiler.
2026.04.25 11:52:45 INFO  no build target found for C:\Users\Jherson Silva\complytools-assistant\backend\complytools-assistant\src\main\java\com\complytools\exception\GlobalExceptionHandler.java. Using fallback presentation compiler.
2026.04.25 11:52:45 INFO  no build target found for C:\Users\Jherson Silva\complytools-assistant\backend\complytools-assistant\src\main\java\com\complytools\exception\GlobalExceptionHandler.java. Using fallback presentation compiler.
2026.04.25 11:52:45 INFO  no build target found for C:\Users\Jherson Silva\complytools-assistant\backend\complytools-assistant\src\main\java\com\complytools\exception\GlobalExceptionHandler.java. Using fallback presentation compiler.
2026.04.25 11:52:45 INFO  no build target found for C:\Users\Jherson Silva\complytools-assistant\backend\complytools-assistant\src\main\java\com\complytools\exception\GlobalExceptionHandler.java. Using fallback presentation compiler.
2026.04.25 11:52:45 WARN  Running javac-semanticdb failed for file:///C:/Users/Jherson%20Silva/complytools-assistant/backend/complytools-assistant/src/main/java/com/complytools/exception/GlobalExceptionHandler.java. Output:

2026.04.25 11:52:45 WARN  no build target for: C:\Users\Jherson Silva\complytools-assistant\backend\complytools-assistant\src\main\java\com\complytools\exception\GlobalExceptionHandler.java
2026.04.25 11:52:46 INFO  no build target found for C:\Users\Jherson Silva\complytools-assistant\backend\complytools-assistant\src\main\java\com\complytools\exception\GlobalExceptionHandler.java. Using fallback presentation compiler.
2026.04.25 11:52:47 INFO  no build target found for C:\Users\Jherson Silva\complytools-assistant\backend\complytools-assistant\src\main\java\com\complytools\dto\DashboardDTO.java. Using fallback presentation compiler.
2026.04.25 11:53:06 INFO  no build target found for C:\Users\Jherson Silva\complytools-assistant\backend\complytools-assistant\src\main\java\com\complytools\dto\CaseRequestDTO.java. Using fallback presentation compiler.
2026.04.25 11:53:20 INFO  no build target found for C:\Users\Jherson Silva\complytools-assistant\backend\complytools-assistant\src\main\java\com\complytools\dto\CaseResponseDTO.java. Using fallback presentation compiler.
2026.04.25 11:53:28 INFO  no build target found for C:\Users\Jherson Silva\complytools-assistant\backend\complytools-assistant\src\main\java\com\complytools\dto\SourceRequestDTO.java. Using fallback presentation compiler.
2026.04.25 11:53:37 INFO  no build target found for C:\Users\Jherson Silva\complytools-assistant\backend\complytools-assistant\src\main\java\com\complytools\dto\SourceResponseDTO.java. Using fallback presentation compiler.
2026.04.25 11:53:48 INFO  no build target found for C:\Users\Jherson Silva\complytools-assistant\backend\complytools-assistant\src\main\java\com\complytools\service\CaseService.java. Using fallback presentation compiler.
2026.04.25 11:54:10 INFO  no build target found for C:\Users\Jherson Silva\complytools-assistant\backend\complytools-assistant\src\main\java\com\complytools\service\SourceService.java. Using fallback presentation compiler.
2026.04.25 11:54:23 INFO  no build target found for C:\Users\Jherson Silva\complytools-assistant\backend\complytools-assistant\src\main\java\com\complytools\service\ExportService.java. Using fallback presentation compiler.
2026.04.25 11:54:23 INFO  no build target found for C:\Users\Jherson Silva\complytools-assistant\backend\complytools-assistant\src\main\java\com\complytools\model\Case.java. Using fallback presentation compiler.
2026.04.25 11:54:39 INFO  no build target found for C:\Users\Jherson Silva\complytools-assistant\backend\complytools-assistant\src\main\java\com\complytools\controller\CaseController.java. Using fallback presentation compiler.
2026.04.25 11:54:47 INFO  no build target found for C:\Users\Jherson Silva\complytools-assistant\backend\complytools-assistant\src\main\java\com\complytools\controller\SourceController.java. Using fallback presentation compiler.
2026.04.25 11:54:55 INFO  no build target found for C:\Users\Jherson Silva\complytools-assistant\backend\complytools-assistant\src\main\java\com\complytools\controller\ExportController.java. Using fallback presentation compiler.
2026.04.25 11:55:03 INFO  no build target found for C:\Users\Jherson Silva\complytools-assistant\backend\complytools-assistant\src\main\java\com\complytools\controller\AuditLogController.java. Using fallback presentation compiler.
2026.04.25 11:55:13 INFO  no build target found for C:\Users\Jherson Silva\complytools-assistant\backend\complytools-assistant\src\main\java\com\complytools\config\SecurityConfig.java. Using fallback presentation compiler.
2026.04.25 11:55:44 INFO  no build target found for C:\Users\Jherson Silva\complytools-assistant\backend\complytools-assistant\src\main\java\com\complytools\exception\GlobalExceptionHandler.java. Using fallback presentation compiler.
2026.04.25 12:00:28 WARN  no build target for: C:\Users\Jherson Silva\complytools-assistant\backend\complytools-assistant\src\main\java\com\complytools\service\SourceService.java
2026.04.25 12:00:29 WARN  Running javac-semanticdb failed for file:///C:/Users/Jherson%20Silva/complytools-assistant/backend/complytools-assistant/src/main/java/com/complytools/service/SourceService.java. Output:

2026.04.25 12:00:38 INFO  no build target found for C:\Users\Jherson Silva\complytools-assistant\backend\complytools-assistant\src\main\java\com\complytools\service\SourceService.java. Using fallback presentation compiler.
2026.04.25 12:00:38 INFO  no build target found for C:\Users\Jherson Silva\complytools-assistant\backend\complytools-assistant\src\main\java\com\complytools\service\SourceService.java. Using fallback presentation compiler.
2026.04.25 12:00:38 INFO  Created report: Optional[file:///C:/Users/Jherson%20Silva/complytools-assistant/backend/complytools-assistant/src/main/java/com/complytools/service/SourceService.java]
2026.04.25 12:00:38 INFO  empty definition using pc, found symbol in pc: com/complytools/model/AuditLog# (full report at: "C:\Users\Jherson Silva\complytools-assistant\.metals\.reports\metals-full\2026-04-25\r_empty-definition_12-00-38-237.md")
2026.04.25 12:00:38 INFO  no build target found for C:\Users\Jherson Silva\complytools-assistant\backend\complytools-assistant\src\main\java\com\complytools\service\SourceService.java. Using fallback presentation compiler.
2026.04.25 12:00:38 INFO  no build target found for C:\Users\Jherson Silva\complytools-assistant\backend\complytools-assistant\src\main\java\com\complytools\service\SourceService.java. Using fallback presentation compiler.
2026.04.25 12:00:38 INFO  no build target found for C:\Users\Jherson Silva\complytools-assistant\backend\complytools-assistant\src\main\java\com\complytools\service\SourceService.java. Using fallback presentation compiler.
2026.04.25 12:00:38 INFO  Created report: Optional[file:///C:/Users/Jherson%20Silva/complytools-assistant/backend/complytools-assistant/src/main/java/com/complytools/service/SourceService.java]
2026.04.25 12:00:38 INFO  empty definition using pc, found symbol in pc: lombok/extern/slf4j/Slf4j# (full report at: "C:\Users\Jherson Silva\complytools-assistant\.metals\.reports\metals-full\2026-04-25\r_empty-definition_12-00-38-382.md")
2026.04.25 12:00:38 INFO  no build target found for C:\Users\Jherson Silva\complytools-assistant\backend\complytools-assistant\src\main\java\com\complytools\service\SourceService.java. Using fallback presentation compiler.
2026.04.25 12:00:38 INFO  no build target found for C:\Users\Jherson Silva\complytools-assistant\backend\complytools-assistant\src\main\java\com\complytools\service\SourceService.java. Using fallback presentation compiler.
2026.04.25 12:00:38 INFO  empty definition using pc, found symbol in pc: com/complytools/model/AuditLog# (full report at: "C:\Users\Jherson Silva\complytools-assistant\.metals\.reports\metals-full\2026-04-25\r_empty-definition_12-00-38-237.md")
2026.04.25 12:00:38 INFO  no build target found for C:\Users\Jherson Silva\complytools-assistant\backend\complytools-assistant\src\main\java\com\complytools\service\SourceService.java. Using fallback presentation compiler.
2026.04.25 12:00:38 INFO  empty definition using pc, found symbol in pc: com/complytools/model/AuditLog# (full report at: "C:\Users\Jherson Silva\complytools-assistant\.metals\.reports\metals-full\2026-04-25\r_empty-definition_12-00-38-237.md")
2026.04.25 12:00:40 INFO  no build target found for C:\Users\Jherson Silva\complytools-assistant\backend\complytools-assistant\src\main\java\com\complytools\service\SourceService.java. Using fallback presentation compiler.
2026.04.25 12:00:40 WARN  no build target for: C:\Users\Jherson Silva\complytools-assistant\backend\complytools-assistant\src\main\java\com\complytools\service\SourceService.java
2026.04.25 12:00:40 WARN  Running javac-semanticdb failed for file:///C:/Users/Jherson%20Silva/complytools-assistant/backend/complytools-assistant/src/main/java/com/complytools/service/SourceService.java. Output:

2026.04.25 12:00:42 INFO  no build target found for C:\Users\Jherson Silva\complytools-assistant\backend\complytools-assistant\src\main\java\com\complytools\service\SourceService.java. Using fallback presentation compiler.
2026.04.25 12:00:42 INFO  no build target found for C:\Users\Jherson Silva\complytools-assistant\backend\complytools-assistant\src\main\java\com\complytools\service\SourceService.java. Using fallback presentation compiler.
2026.04.25 12:00:43 INFO  no build target found for C:\Users\Jherson Silva\complytools-assistant\backend\complytools-assistant\src\main\java\com\complytools\service\SourceService.java. Using fallback presentation compiler.
2026.04.25 12:00:42 INFO  Created report: Optional[file:///C:/Users/Jherson%20Silva/complytools-assistant/backend/complytools-assistant/src/main/java/com/complytools/service/SourceService.java]
2026.04.25 12:00:42 INFO  empty definition using pc, found symbol in pc: _empty_/log# (full report at: "C:\Users\Jherson Silva\complytools-assistant\.metals\.reports\metals-full\2026-04-25\r_empty-definition_12-00-43-181.md")
2026.04.25 12:00:42 INFO  empty definition using pc, found symbol in pc: com/complytools/model/AuditLog# (full report at: "C:\Users\Jherson Silva\complytools-assistant\.metals\.reports\metals-full\2026-04-25\r_empty-definition_12-00-38-237.md")
2026.04.25 12:00:43 INFO  no build target found for C:\Users\Jherson Silva\complytools-assistant\backend\complytools-assistant\src\main\java\com\complytools\service\SourceService.java. Using fallback presentation compiler.
2026.04.25 12:00:43 INFO  no build target found for C:\Users\Jherson Silva\complytools-assistant\backend\complytools-assistant\src\main\java\com\complytools\service\SourceService.java. Using fallback presentation compiler.
2026.04.25 12:00:43 INFO  empty definition using pc, found symbol in pc: _empty_/log# (full report at: "C:\Users\Jherson Silva\complytools-assistant\.metals\.reports\metals-full\2026-04-25\r_empty-definition_12-00-43-181.md")
2026.04.25 13:19:09 WARN  no build target for: C:\Users\Jherson Silva\complytools-assistant\backend\complytools-assistant\src\main\java\com\complytools\config\SecurityConfig.java
2026.04.25 13:19:09 INFO  no build target found for C:\Users\Jherson Silva\complytools-assistant\backend\complytools-assistant\src\main\java\com\complytools\config\SecurityConfig.java. Using fallback presentation compiler.
2026.04.25 13:19:10 INFO  no build target found for C:\Users\Jherson Silva\complytools-assistant\backend\complytools-assistant\src\main\java\com\complytools\config\SecurityConfig.java. Using fallback presentation compiler.
abr 25, 2026 1:19:10 P. M. org.eclipse.lsp4j.jsonrpc.RemoteEndpoint handleCancellation
WARNING: Unmatched cancel notification for request id 416
2026.04.25 13:19:09 INFO  no build target found for C:\Users\Jherson Silva\complytools-assistant\backend\complytools-assistant\src\main\java\com\complytools\config\SecurityConfig.java. Using fallback presentation compiler.
2026.04.25 13:19:09 INFO  no build target found for C:\Users\Jherson Silva\complytools-assistant\backend\complytools-assistant\src\main\java\com\complytools\config\SecurityConfig.java. Using fallback presentation compiler.
abr 25, 2026 1:19:11 P. M. org.eclipse.lsp4j.jsonrpc.RemoteEndpoint handleCancellation
WARNING: Unmatched cancel notification for request id 420
2026.04.25 13:19:11 INFO  no build target found for C:\Users\Jherson Silva\complytools-assistant\backend\complytools-assistant\src\main\java\com\complytools\config\SecurityConfig.java. Using fallback presentation compiler.
2026.04.25 13:19:11 WARN  Running javac-semanticdb failed for file:///C:/Users/Jherson%20Silva/complytools-assistant/backend/complytools-assistant/src/main/java/com/complytools/config/SecurityConfig.java. Output:

2026.04.25 13:19:11 INFO  no build target found for C:\Users\Jherson Silva\complytools-assistant\backend\complytools-assistant\src\main\java\com\complytools\config\SecurityConfig.java. Using fallback presentation compiler.
2026.04.25 13:19:13 INFO  no build target found for C:\Users\Jherson Silva\complytools-assistant\backend\complytools-assistant\src\main\java\com\complytools\config\SecurityConfig.java. Using fallback presentation compiler.
2026.04.25 13:19:13 INFO  no build target found for C:\Users\Jherson Silva\complytools-assistant\backend\complytools-assistant\src\main\java\com\complytools\config\SecurityConfig.java. Using fallback presentation compiler.
2026.04.25 13:37:30 INFO  no build target found for C:\Users\Jherson Silva\complytools-assistant\backend\complytools-assistant\src\main\java\com\complytools\config\SecurityConfig.java. Using fallback presentation compiler.
2026.04.25 13:37:30 WARN  no build target for: C:\Users\Jherson Silva\complytools-assistant\backend\complytools-assistant\src\main\java\com\complytools\config\SecurityConfig.java
abr 25, 2026 1:37:30 P. M. org.eclipse.lsp4j.jsonrpc.RemoteEndpoint handleCancellation
WARNING: Unmatched cancel notification for request id 434
2026.04.25 13:37:30 INFO  no build target found for C:\Users\Jherson Silva\complytools-assistant\backend\complytools-assistant\src\main\java\com\complytools\config\SecurityConfig.java. Using fallback presentation compiler.
abr 25, 2026 1:37:31 P. M. org.eclipse.lsp4j.jsonrpc.RemoteEndpoint handleCancellation
WARNING: Unmatched cancel notification for request id 435
2026.04.25 13:37:30 INFO  no build target found for C:\Users\Jherson Silva\complytools-assistant\backend\complytools-assistant\src\main\java\com\complytools\config\SecurityConfig.java. Using fallback presentation compiler.
abr 25, 2026 1:37:31 P. M. org.eclipse.lsp4j.jsonrpc.RemoteEndpoint handleCancellation
WARNING: Unmatched cancel notification for request id 437
2026.04.25 13:37:31 INFO  no build target found for C:\Users\Jherson Silva\complytools-assistant\backend\complytools-assistant\src\main\java\com\complytools\config\SecurityConfig.java. Using fallback presentation compiler.
2026.04.25 13:37:31 INFO  no build target found for C:\Users\Jherson Silva\complytools-assistant\backend\complytools-assistant\src\main\java\com\complytools\config\SecurityConfig.java. Using fallback presentation compiler.
2026.04.25 13:37:31 INFO  no build target found for C:\Users\Jherson Silva\complytools-assistant\backend\complytools-assistant\src\main\java\com\complytools\config\SecurityConfig.java. Using fallback presentation compiler.
2026.04.25 13:37:32 INFO  no build target found for C:\Users\Jherson Silva\complytools-assistant\backend\complytools-assistant\src\main\java\com\complytools\config\SecurityConfig.java. Using fallback presentation compiler.
2026.04.25 13:44:26 INFO  no build target found for C:\Users\Jherson Silva\complytools-assistant\backend\complytools-assistant\src\main\java\com\complytools\config\SecurityConfig.java. Using fallback presentation compiler.
2026.04.25 13:44:26 WARN  no build target for: C:\Users\Jherson Silva\complytools-assistant\backend\complytools-assistant\src\main\java\com\complytools\config\SecurityConfig.java
2026.04.25 13:44:26 INFO  no build target found for C:\Users\Jherson Silva\complytools-assistant\backend\complytools-assistant\src\main\java\com\complytools\config\SecurityConfig.java. Using fallback presentation compiler.
2026.04.25 13:44:26 INFO  no build target found for C:\Users\Jherson Silva\complytools-assistant\backend\complytools-assistant\src\main\java\com\complytools\config\SecurityConfig.java. Using fallback presentation compiler.
2026.04.25 13:44:27 INFO  no build target found for C:\Users\Jherson Silva\complytools-assistant\backend\complytools-assistant\src\main\java\com\complytools\config\SecurityConfig.java. Using fallback presentation compiler.
2026.04.25 13:44:28 INFO  no build target found for C:\Users\Jherson Silva\complytools-assistant\backend\complytools-assistant\src\main\java\com\complytools\config\SecurityConfig.java. Using fallback presentation compiler.
2026.04.25 13:44:28 INFO  no build target found for C:\Users\Jherson Silva\complytools-assistant\backend\complytools-assistant\src\main\java\com\complytools\config\SecurityConfig.java. Using fallback presentation compiler.
2026.04.25 13:44:28 INFO  no build target found for C:\Users\Jherson Silva\complytools-assistant\backend\complytools-assistant\src\main\java\com\complytools\config\SecurityConfig.java. Using fallback presentation compiler.
2026.04.25 13:45:23 INFO  no build target found for C:\Users\Jherson Silva\complytools-assistant\backend\complytools-assistant\src\main\java\com\complytools\config\SecurityConfig.java. Using fallback presentation compiler.
2026.04.25 13:45:23 INFO  no build target found for C:\Users\Jherson Silva\complytools-assistant\backend\complytools-assistant\src\main\java\com\complytools\config\SecurityConfig.java. Using fallback presentation compiler.
2026.04.25 13:45:23 INFO  no build target found for C:\Users\Jherson Silva\complytools-assistant\backend\complytools-assistant\src\main\java\com\complytools\config\SecurityConfig.java. Using fallback presentation compiler.
2026.04.25 13:45:23 INFO  no build target found for C:\Users\Jherson Silva\complytools-assistant\backend\complytools-assistant\src\main\java\com\complytools\config\SecurityConfig.java. Using fallback presentation compiler.
2026.04.25 13:46:51 INFO  no build target found for C:\Users\Jherson Silva\complytools-assistant\backend\complytools-assistant\src\main\java\com\complytools\config\SecurityConfig.java. Using fallback presentation compiler.
2026.04.25 13:46:51 WARN  no build target for: C:\Users\Jherson Silva\complytools-assistant\backend\complytools-assistant\src\main\java\com\complytools\config\SecurityConfig.java
2026.04.25 13:46:51 INFO  no build target found for C:\Users\Jherson Silva\complytools-assistant\backend\complytools-assistant\src\main\java\com\complytools\config\SecurityConfig.java. Using fallback presentation compiler.
2026.04.25 13:46:51 INFO  no build target found for C:\Users\Jherson Silva\complytools-assistant\backend\complytools-assistant\src\main\java\com\complytools\config\SecurityConfig.java. Using fallback presentation compiler.
2026.04.25 13:46:51 INFO  no build target found for C:\Users\Jherson Silva\complytools-assistant\backend\complytools-assistant\src\main\java\com\complytools\config\SecurityConfig.java. Using fallback presentation compiler.
2026.04.25 13:46:51 INFO  no build target found for C:\Users\Jherson Silva\complytools-assistant\backend\complytools-assistant\src\main\java\com\complytools\config\SecurityConfig.java. Using fallback presentation compiler.
2026.04.25 13:46:51 INFO  no build target found for C:\Users\Jherson Silva\complytools-assistant\backend\complytools-assistant\src\main\java\com\complytools\config\SecurityConfig.java. Using fallback presentation compiler.
2026.04.25 13:46:52 INFO  no build target found for C:\Users\Jherson Silva\complytools-assistant\backend\complytools-assistant\src\main\java\com\complytools\config\SecurityConfig.java. Using fallback presentation compiler.
2026.04.25 13:46:52 INFO  no build target found for C:\Users\Jherson Silva\complytools-assistant\backend\complytools-assistant\src\main\java\com\complytools\config\SecurityConfig.java. Using fallback presentation compiler.
2026.04.25 13:47:14 INFO  no build target found for C:\Users\Jherson Silva\complytools-assistant\backend\complytools-assistant\src\main\java\com\complytools\config\SecurityConfig.java. Using fallback presentation compiler.
2026.04.25 13:47:14 INFO  no build target found for C:\Users\Jherson Silva\complytools-assistant\backend\complytools-assistant\src\main\java\com\complytools\config\SecurityConfig.java. Using fallback presentation compiler.
2026.04.25 13:47:14 INFO  no build target found for C:\Users\Jherson Silva\complytools-assistant\backend\complytools-assistant\src\main\java\com\complytools\config\SecurityConfig.java. Using fallback presentation compiler.
2026.04.25 13:47:14 INFO  no build target found for C:\Users\Jherson Silva\complytools-assistant\backend\complytools-assistant\src\main\java\com\complytools\config\SecurityConfig.java. Using fallback presentation compiler.
2026.04.25 13:47:14 INFO  no build target found for C:\Users\Jherson Silva\complytools-assistant\backend\complytools-assistant\src\main\java\com\complytools\config\SecurityConfig.java. Using fallback presentation compiler.
2026.04.25 13:47:14 INFO  no build target found for C:\Users\Jherson Silva\complytools-assistant\backend\complytools-assistant\src\main\java\com\complytools\config\SecurityConfig.java. Using fallback presentation compiler.
2026.04.25 13:47:15 INFO  no build target found for C:\Users\Jherson Silva\complytools-assistant\backend\complytools-assistant\src\main\java\com\complytools\config\SecurityConfig.java. Using fallback presentation compiler.
2026.04.25 13:47:15 INFO  no build target found for C:\Users\Jherson Silva\complytools-assistant\backend\complytools-assistant\src\main\java\com\complytools\config\SecurityConfig.java. Using fallback presentation compiler.
2026.04.25 13:47:15 WARN  Running javac-semanticdb failed for file:///C:/Users/Jherson%20Silva/complytools-assistant/backend/complytools-assistant/src/main/java/com/complytools/config/SecurityConfig.java. Output:

2026.04.25 13:47:15 INFO  no build target found for C:\Users\Jherson Silva\complytools-assistant\backend\complytools-assistant\src\main\java\com\complytools\config\SecurityConfig.java. Using fallback presentation compiler.
2026.04.25 13:47:15 WARN  no build target for: C:\Users\Jherson Silva\complytools-assistant\backend\complytools-assistant\src\main\java\com\complytools\config\SecurityConfig.java
2026.04.25 13:47:16 INFO  no build target found for C:\Users\Jherson Silva\complytools-assistant\backend\complytools-assistant\src\main\java\com\complytools\config\SecurityConfig.java. Using fallback presentation compiler.
2026.04.25 13:47:16 INFO  no build target found for C:\Users\Jherson Silva\complytools-assistant\backend\complytools-assistant\src\main\java\com\complytools\config\SecurityConfig.java. Using fallback presentation compiler.
2026.04.25 13:58:18 INFO  no build target found for C:\Users\Jherson Silva\complytools-assistant\backend\complytools-assistant\src\main\java\com\complytools\config\SecurityConfig.java. Using fallback presentation compiler.
2026.04.25 13:58:18 WARN  no build target for: C:\Users\Jherson Silva\complytools-assistant\backend\complytools-assistant\src\main\java\com\complytools\config\SecurityConfig.java
abr 25, 2026 1:58:18 P. M. org.eclipse.lsp4j.jsonrpc.RemoteEndpoint handleCancellation
WARNING: Unmatched cancel notification for request id 508
2026.04.25 13:58:18 INFO  no build target found for C:\Users\Jherson Silva\complytools-assistant\backend\complytools-assistant\src\main\java\com\complytools\config\SecurityConfig.java. Using fallback presentation compiler.
2026.04.25 13:58:18 INFO  no build target found for C:\Users\Jherson Silva\complytools-assistant\backend\complytools-assistant\src\main\java\com\complytools\config\SecurityConfig.java. Using fallback presentation compiler.
2026.04.25 13:58:19 INFO  no build target found for C:\Users\Jherson Silva\complytools-assistant\backend\complytools-assistant\src\main\java\com\complytools\config\SecurityConfig.java. Using fallback presentation compiler.
2026.04.25 13:58:19 INFO  no build target found for C:\Users\Jherson Silva\complytools-assistant\backend\complytools-assistant\src\main\java\com\complytools\config\SecurityConfig.java. Using fallback presentation compiler.
2026.04.25 13:58:20 INFO  no build target found for C:\Users\Jherson Silva\complytools-assistant\backend\complytools-assistant\src\main\java\com\complytools\config\SecurityConfig.java. Using fallback presentation compiler.
2026.04.25 13:58:23 WARN  no build target for: C:\Users\Jherson Silva\complytools-assistant\backend\complytools-assistant\src\main\java\com\complytools\controller\CaseController.java
2026.04.25 13:58:23 INFO  no build target found for C:\Users\Jherson Silva\complytools-assistant\backend\complytools-assistant\src\main\java\com\complytools\controller\CaseController.java. Using fallback presentation compiler.
2026.04.25 13:58:23 INFO  no build target found for C:\Users\Jherson Silva\complytools-assistant\backend\complytools-assistant\src\main\java\com\complytools\controller\CaseController.java. Using fallback presentation compiler.
2026.04.25 13:58:23 INFO  no build target found for C:\Users\Jherson Silva\complytools-assistant\backend\complytools-assistant\src\main\java\com\complytools\controller\CaseController.java. Using fallback presentation compiler.
2026.04.25 13:58:23 WARN  Running javac-semanticdb failed for file:///C:/Users/Jherson%20Silva/complytools-assistant/backend/complytools-assistant/src/main/java/com/complytools/controller/CaseController.java. Output:

2026.04.25 13:58:23 INFO  no build target found for C:\Users\Jherson Silva\complytools-assistant\backend\complytools-assistant\src\main\java\com\complytools\controller\CaseController.java. Using fallback presentation compiler.
abr 25, 2026 1:58:24 P. M. org.eclipse.lsp4j.jsonrpc.RemoteEndpoint handleCancellation
WARNING: Unmatched cancel notification for request id 523
2026.04.25 13:58:23 INFO  no build target found for C:\Users\Jherson Silva\complytools-assistant\backend\complytools-assistant\src\main\java\com\complytools\controller\CaseController.java. Using fallback presentation compiler.
2026.04.25 13:58:23 INFO  no build target found for C:\Users\Jherson Silva\complytools-assistant\backend\complytools-assistant\src\main\java\com\complytools\controller\CaseController.java. Using fallback presentation compiler.
2026.04.25 13:58:24 INFO  no build target found for C:\Users\Jherson Silva\complytools-assistant\backend\complytools-assistant\src\main\java\com\complytools\controller\CaseController.java. Using fallback presentation compiler.
2026.04.25 13:58:23 INFO  no build target found for C:\Users\Jherson Silva\complytools-assistant\backend\complytools-assistant\src\main\java\com\complytools\controller\CaseController.java. Using fallback presentation compiler.
2026.04.25 13:58:35 WARN  no build target for: C:\Users\Jherson Silva\complytools-assistant\backend\complytools-assistant\src\main\java\com\complytools\model\AuditLog.java
2026.04.25 13:58:35 INFO  no build target found for C:\Users\Jherson Silva\complytools-assistant\backend\complytools-assistant\src\main\java\com\complytools\model\AuditLog.java. Using fallback presentation compiler.
2026.04.25 13:58:35 WARN  Running javac-semanticdb failed for file:///C:/Users/Jherson%20Silva/complytools-assistant/backend/complytools-assistant/src/main/java/com/complytools/model/AuditLog.java. Output:

abr 25, 2026 1:58:35 P. M. org.eclipse.lsp4j.jsonrpc.RemoteEndpoint handleCancellation
WARNING: Unmatched cancel notification for request id 530
2026.04.25 13:58:35 INFO  no build target found for C:\Users\Jherson Silva\complytools-assistant\backend\complytools-assistant\src\main\java\com\complytools\model\AuditLog.java. Using fallback presentation compiler.
2026.04.25 13:58:35 INFO  no build target found for C:\Users\Jherson Silva\complytools-assistant\backend\complytools-assistant\src\main\java\com\complytools\model\AuditLog.java. Using fallback presentation compiler.
abr 25, 2026 1:58:35 P. M. org.eclipse.lsp4j.jsonrpc.RemoteEndpoint handleCancellation
WARNING: Unmatched cancel notification for request id 533
2026.04.25 13:58:35 INFO  no build target found for C:\Users\Jherson Silva\complytools-assistant\backend\complytools-assistant\src\main\java\com\complytools\model\AuditLog.java. Using fallback presentation compiler.
2026.04.25 13:58:35 INFO  no build target found for C:\Users\Jherson Silva\complytools-assistant\backend\complytools-assistant\src\main\java\com\complytools\model\AuditLog.java. Using fallback presentation compiler.
2026.04.25 13:58:36 INFO  no build target found for C:\Users\Jherson Silva\complytools-assistant\backend\complytools-assistant\src\main\java\com\complytools\model\AuditLog.java. Using fallback presentation compiler.
2026.04.25 13:58:36 INFO  no build target found for C:\Users\Jherson Silva\complytools-assistant\backend\complytools-assistant\src\main\java\com\complytools\model\AuditLog.java. Using fallback presentation compiler.
2026.04.25 13:58:36 INFO  no build target found for C:\Users\Jherson Silva\complytools-assistant\backend\complytools-assistant\src\main\java\com\complytools\model\AuditLog.java. Using fallback presentation compiler.
2026.04.25 13:59:00 WARN  no build target for: C:\Users\Jherson Silva\complytools-assistant\backend\complytools-assistant\src\main\java\com\complytools\service\CaseService.java
2026.04.25 13:59:00 INFO  no build target found for C:\Users\Jherson Silva\complytools-assistant\backend\complytools-assistant\src\main\java\com\complytools\service\CaseService.java. Using fallback presentation compiler.
abr 25, 2026 1:59:00 P. M. org.eclipse.lsp4j.jsonrpc.RemoteEndpoint handleCancellation
WARNING: Unmatched cancel notification for request id 546
2026.04.25 13:59:00 INFO  no build target found for C:\Users\Jherson Silva\complytools-assistant\backend\complytools-assistant\src\main\java\com\complytools\service\CaseService.java. Using fallback presentation compiler.
2026.04.25 13:59:00 INFO  no build target found for C:\Users\Jherson Silva\complytools-assistant\backend\complytools-assistant\src\main\java\com\complytools\service\CaseService.java. Using fallback presentation compiler.
abr 25, 2026 1:59:00 P. M. org.eclipse.lsp4j.jsonrpc.RemoteEndpoint handleCancellation
WARNING: Unmatched cancel notification for request id 549
2026.04.25 13:59:00 INFO  no build target found for C:\Users\Jherson Silva\complytools-assistant\backend\complytools-assistant\src\main\java\com\complytools\service\CaseService.java. Using fallback presentation compiler.
2026.04.25 13:59:00 WARN  Running javac-semanticdb failed for file:///C:/Users/Jherson%20Silva/complytools-assistant/backend/complytools-assistant/src/main/java/com/complytools/service/CaseService.java. Output:

2026.04.25 13:59:01 INFO  no build target found for C:\Users\Jherson Silva\complytools-assistant\backend\complytools-assistant\src\main\java\com\complytools\service\CaseService.java. Using fallback presentation compiler.
2026.04.25 13:59:00 INFO  no build target found for C:\Users\Jherson Silva\complytools-assistant\backend\complytools-assistant\src\main\java\com\complytools\service\CaseService.java. Using fallback presentation compiler.
2026.04.25 13:59:03 INFO  no build target found for C:\Users\Jherson Silva\complytools-assistant\backend\complytools-assistant\src\main\java\com\complytools\service\CaseService.java. Using fallback presentation compiler.
2026.04.25 13:59:03 INFO  no build target found for C:\Users\Jherson Silva\complytools-assistant\backend\complytools-assistant\src\main\java\com\complytools\service\CaseService.java. Using fallback presentation compiler.
2026.04.25 13:59:03 INFO  no build target found for C:\Users\Jherson Silva\complytools-assistant\backend\complytools-assistant\src\main\java\com\complytools\service\CaseService.java. Using fallback presentation compiler.
2026.04.25 13:59:03 INFO  no build target found for C:\Users\Jherson Silva\complytools-assistant\backend\complytools-assistant\src\main\java\com\complytools\service\CaseService.java. Using fallback presentation compiler.
2026.04.25 14:00:04 INFO  no build target found for C:\Users\Jherson Silva\complytools-assistant\backend\complytools-assistant\src\main\java\com\complytools\service\CaseService.java. Using fallback presentation compiler.
2026.04.25 14:00:04 INFO  no build target found for C:\Users\Jherson Silva\complytools-assistant\backend\complytools-assistant\src\main\java\com\complytools\service\CaseService.java. Using fallback presentation compiler.
2026.04.25 14:00:05 INFO  no build target found for C:\Users\Jherson Silva\complytools-assistant\backend\complytools-assistant\src\main\java\com\complytools\service\CaseService.java. Using fallback presentation compiler.
2026.04.25 14:00:05 INFO  no build target found for C:\Users\Jherson Silva\complytools-assistant\backend\complytools-assistant\src\main\java\com\complytools\service\CaseService.java. Using fallback presentation compiler.
2026.04.25 14:00:05 INFO  no build target found for C:\Users\Jherson Silva\complytools-assistant\backend\complytools-assistant\src\main\java\com\complytools\service\CaseService.java. Using fallback presentation compiler.
2026.04.25 14:00:06 INFO  no build target found for C:\Users\Jherson Silva\complytools-assistant\backend\complytools-assistant\src\main\java\com\complytools\service\CaseService.java. Using fallback presentation compiler.
2026.04.25 14:00:05 INFO  no build target found for C:\Users\Jherson Silva\complytools-assistant\backend\complytools-assistant\src\main\java\com\complytools\service\CaseService.java. Using fallback presentation compiler.
2026.04.25 14:00:06 WARN  Running javac-semanticdb failed for file:///C:/Users/Jherson%20Silva/complytools-assistant/backend/complytools-assistant/src/main/java/com/complytools/service/CaseService.java. Output:

2026.04.25 14:00:06 INFO  no build target found for C:\Users\Jherson Silva\complytools-assistant\backend\complytools-assistant\src\main\java\com\complytools\service\CaseService.java. Using fallback presentation compiler.
2026.04.25 14:00:06 INFO  no build target found for C:\Users\Jherson Silva\complytools-assistant\backend\complytools-assistant\src\main\java\com\complytools\service\CaseService.java. Using fallback presentation compiler.
2026.04.25 14:00:06 WARN  Running javac-semanticdb failed for file:///C:/Users/Jherson%20Silva/complytools-assistant/backend/complytools-assistant/src/main/java/com/complytools/service/CaseService.java. Output:

2026.04.25 14:00:07 WARN  no build target for: C:\Users\Jherson Silva\complytools-assistant\backend\complytools-assistant\src\main\java\com\complytools\service\CaseService.java
2026.04.25 14:00:07 INFO  no build target found for C:\Users\Jherson Silva\complytools-assistant\backend\complytools-assistant\src\main\java\com\complytools\service\CaseService.java. Using fallback presentation compiler.
2026.04.25 14:00:08 INFO  no build target found for C:\Users\Jherson Silva\complytools-assistant\backend\complytools-assistant\src\main\java\com\complytools\service\CaseService.java. Using fallback presentation compiler.
2026.04.25 14:00:09 INFO  no build target found for C:\Users\Jherson Silva\complytools-assistant\backend\complytools-assistant\src\main\java\com\complytools\service\CaseService.java. Using fallback presentation compiler.
2026.04.25 14:00:12 INFO  no build target found for C:\Users\Jherson Silva\complytools-assistant\backend\complytools-assistant\src\main\java\com\complytools\service\CaseService.java. Using fallback presentation compiler.
2026.04.25 14:00:14 INFO  no build target found for C:\Users\Jherson Silva\complytools-assistant\backend\complytools-assistant\src\main\java\com\complytools\service\CaseService.java. Using fallback presentation compiler.
2026.04.25 14:00:14 INFO  no build target found for C:\Users\Jherson Silva\complytools-assistant\backend\complytools-assistant\src\main\java\com\complytools\service\CaseService.java. Using fallback presentation compiler.
2026.04.25 14:00:14 WARN  Running javac-semanticdb failed for file:///C:/Users/Jherson%20Silva/complytools-assistant/backend/complytools-assistant/src/main/java/com/complytools/service/CaseService.java. Output:

2026.04.25 14:00:14 INFO  no build target found for C:\Users\Jherson Silva\complytools-assistant\backend\complytools-assistant\src\main\java\com\complytools\service\CaseService.java. Using fallback presentation compiler.
2026.04.25 14:00:14 INFO  no build target found for C:\Users\Jherson Silva\complytools-assistant\backend\complytools-assistant\src\main\java\com\complytools\service\CaseService.java. Using fallback presentation compiler.
2026.04.25 14:00:14 INFO  no build target found for C:\Users\Jherson Silva\complytools-assistant\backend\complytools-assistant\src\main\java\com\complytools\service\CaseService.java. Using fallback presentation compiler.
2026.04.25 14:00:15 INFO  no build target found for C:\Users\Jherson Silva\complytools-assistant\backend\complytools-assistant\src\main\java\com\complytools\service\CaseService.java. Using fallback presentation compiler.
2026.04.25 14:00:14 WARN  Running javac-semanticdb failed for file:///C:/Users/Jherson%20Silva/complytools-assistant/backend/complytools-assistant/src/main/java/com/complytools/service/CaseService.java. Output:

2026.04.25 14:00:15 INFO  no build target found for C:\Users\Jherson Silva\complytools-assistant\backend\complytools-assistant\src\main\java\com\complytools\service\CaseService.java. Using fallback presentation compiler.
2026.04.25 14:00:15 INFO  no build target found for C:\Users\Jherson Silva\complytools-assistant\backend\complytools-assistant\src\main\java\com\complytools\service\CaseService.java. Using fallback presentation compiler.
2026.04.25 14:00:15 WARN  no build target for: C:\Users\Jherson Silva\complytools-assistant\backend\complytools-assistant\src\main\java\com\complytools\service\CaseService.java
2026.04.25 14:00:15 INFO  no build target found for C:\Users\Jherson Silva\complytools-assistant\backend\complytools-assistant\src\main\java\com\complytools\service\CaseService.java. Using fallback presentation compiler.
2026.04.25 14:00:16 INFO  no build target found for C:\Users\Jherson Silva\complytools-assistant\backend\complytools-assistant\src\main\java\com\complytools\service\CaseService.java. Using fallback presentation compiler.
2026.04.25 14:00:16 INFO  no build target found for C:\Users\Jherson Silva\complytools-assistant\backend\complytools-assistant\src\main\java\com\complytools\service\CaseService.java. Using fallback presentation compiler.
2026.04.25 14:00:26 INFO  Shutting down server
2026.04.25 14:00:26 INFO  Memory monitor stopped
2026.04.25 14:00:26 INFO  shutting down Metals
2026.04.25 14:00:26 INFO  Exiting server
2026.04.25 14:22:37 INFO  Started: Metals version 1.6.7 in folders 'C:\Users\Jherson Silva\complytools-assistant' for client Visual Studio Code 1.117.0.
2026.04.25 14:22:37 INFO  Memory monitor started
2026.04.25 14:22:39 WARN  Using H2 2.4.240 which is newer than the version Flyway has been verified with. The latest verified version of H2 is 2.3.232.
2026.04.25 14:22:39 INFO  no build target found for C:\Users\Jherson Silva\complytools-assistant\backend\complytools-assistant\src\main\java\com\complytools\controller\AuditLogController.java. Using fallback presentation compiler.
abr 25, 2026 2:22:41 P. M. org.eclipse.lsp4j.jsonrpc.RemoteEndpoint handleCancellation
WARNING: Unmatched cancel notification for request id 1
abr 25, 2026 2:22:41 P. M. org.eclipse.lsp4j.jsonrpc.RemoteEndpoint handleCancellation
WARNING: Unmatched cancel notification for request id 2
2026.04.25 14:22:41 INFO  no build target found for C:\Users\Jherson Silva\complytools-assistant\backend\complytools-assistant\src\main\java\com\complytools\controller\AuditLogController.java. Using fallback presentation compiler.
2026.04.25 14:22:42 INFO  no build target found for C:\Users\Jherson Silva\complytools-assistant\backend\complytools-assistant\src\main\java\com\complytools\controller\AuditLogController.java. Using fallback presentation compiler.
abr 25, 2026 2:22:42 P. M. org.eclipse.lsp4j.jsonrpc.RemoteEndpoint handleCancellation
WARNING: Unmatched cancel notification for request id 8
abr 25, 2026 2:22:42 P. M. org.eclipse.lsp4j.jsonrpc.RemoteEndpoint handleCancellation
WARNING: Unmatched cancel notification for request id 9
abr 25, 2026 2:22:42 P. M. org.eclipse.lsp4j.jsonrpc.RemoteEndpoint handleCancellation
WARNING: Unmatched cancel notification for request id 7
abr 25, 2026 2:22:42 P. M. org.eclipse.lsp4j.jsonrpc.RemoteEndpoint handleCancellation
WARNING: Unmatched cancel notification for request id 10
2026.04.25 14:22:41 INFO  no build target found for C:\Users\Jherson Silva\complytools-assistant\backend\complytools-assistant\src\main\java\com\complytools\controller\AuditLogController.java. Using fallback presentation compiler.
2026.04.25 14:22:41 INFO  no build target found for C:\Users\Jherson Silva\complytools-assistant\backend\complytools-assistant\src\main\java\com\complytools\model\User.java. Using fallback presentation compiler.
abr 25, 2026 2:22:42 P. M. org.eclipse.lsp4j.jsonrpc.RemoteEndpoint handleCancellation
WARNING: Unmatched cancel notification for request id 12
2026.04.25 14:22:42 INFO  no build target found for C:\Users\Jherson Silva\complytools-assistant\backend\complytools-assistant\src\main\java\com\complytools\model\User.java. Using fallback presentation compiler.
2026.04.25 14:22:42 INFO  no build target found for C:\Users\Jherson Silva\complytools-assistant\backend\complytools-assistant\src\main\java\com\complytools\model\Source.java. Using fallback presentation compiler.
abr 25, 2026 2:22:43 P. M. org.eclipse.lsp4j.jsonrpc.RemoteEndpoint handleCancellation
WARNING: Unmatched cancel notification for request id 18
2026.04.25 14:22:43 INFO  no build target found for C:\Users\Jherson Silva\complytools-assistant\backend\complytools-assistant\src\main\java\com\complytools\model\Source.java. Using fallback presentation compiler.
2026.04.25 14:22:42 INFO  no build target found for C:\Users\Jherson Silva\complytools-assistant\backend\complytools-assistant\src\main\java\com\complytools\model\Source.java. Using fallback presentation compiler.
2026.04.25 14:22:42 INFO  no build target found for C:\Users\Jherson Silva\complytools-assistant\backend\complytools-assistant\src\main\java\com\complytools\model\Source.java. Using fallback presentation compiler.
2026.04.25 14:22:42 INFO  no build target found for C:\Users\Jherson Silva\complytools-assistant\backend\complytools-assistant\src\main\java\com\complytools\model\Source.java. Using fallback presentation compiler.
2026.04.25 14:22:46 WARN  no build tool detected in workspace 'C:\Users\Jherson Silva\complytools-assistant'. The most common cause for this problem is that the editor was opened in the wrong working directory, for example if you use sbt then the workspace directory should contain build.sbt. 
2026.04.25 14:22:46 WARN  Build server is not auto-connectable.
2026.04.25 14:22:46 WARN  no build target for: C:\Users\Jherson Silva\complytools-assistant\backend\complytools-assistant\src\main\java\com\complytools\model\User.java
2026.04.25 14:22:46 WARN  no build target for: C:\Users\Jherson Silva\complytools-assistant\backend\complytools-assistant\src\main\java\com\complytools\controller\AuditLogController.java
2026.04.25 14:22:46 WARN  no build target for: C:\Users\Jherson Silva\complytools-assistant\backend\complytools-assistant\src\main\java\com\complytools\model\Source.java
2026.04.25 14:22:47 INFO  no build target found for C:\Users\Jherson Silva\complytools-assistant\backend\complytools-assistant\src\main\java\com\complytools\model\Source.java. Using fallback presentation compiler.
2026.04.25 14:22:47 WARN  Running javac-semanticdb failed for file:///C:/Users/Jherson%20Silva/complytools-assistant/backend/complytools-assistant/src/main/java/com/complytools/model/Source.java. Output:

2026.04.25 14:22:47 WARN  Running javac-semanticdb failed for file:///C:/Users/Jherson%20Silva/complytools-assistant/backend/complytools-assistant/src/main/java/com/complytools/controller/AuditLogController.java. Output:

2026.04.25 14:22:47 WARN  Running javac-semanticdb failed for file:///C:/Users/Jherson%20Silva/complytools-assistant/backend/complytools-assistant/src/main/java/com/complytools/model/User.java. Output:

2026.04.25 14:22:48 INFO  no build target found for C:\Users\Jherson Silva\complytools-assistant\backend\complytools-assistant\src\main\java\com\complytools\model\Source.java. Using fallback presentation compiler.
2026.04.25 14:22:50 WARN  no build target for: C:\Users\Jherson Silva\complytools-assistant\backend\complytools-assistant\src\main\java\com\complytools\controller\SourceController.java
2026.04.25 14:22:50 INFO  no build target found for C:\Users\Jherson Silva\complytools-assistant\backend\complytools-assistant\src\main\java\com\complytools\controller\SourceController.java. Using fallback presentation compiler.
2026.04.25 14:22:50 INFO  no build target found for C:\Users\Jherson Silva\complytools-assistant\backend\complytools-assistant\src\main\java\com\complytools\controller\SourceController.java. Using fallback presentation compiler.
2026.04.25 14:22:50 WARN  Running javac-semanticdb failed for file:///C:/Users/Jherson%20Silva/complytools-assistant/backend/complytools-assistant/src/main/java/com/complytools/controller/SourceController.java. Output:

abr 25, 2026 2:22:50 P. M. org.eclipse.lsp4j.jsonrpc.RemoteEndpoint handleCancellation
WARNING: Unmatched cancel notification for request id 32
2026.04.25 14:22:50 INFO  no build target found for C:\Users\Jherson Silva\complytools-assistant\backend\complytools-assistant\src\main\java\com\complytools\controller\SourceController.java. Using fallback presentation compiler.
2026.04.25 14:22:50 INFO  no build target found for C:\Users\Jherson Silva\complytools-assistant\backend\complytools-assistant\src\main\java\com\complytools\controller\SourceController.java. Using fallback presentation compiler.
2026.04.25 14:22:50 INFO  no build target found for C:\Users\Jherson Silva\complytools-assistant\backend\complytools-assistant\src\main\java\com\complytools\controller\SourceController.java. Using fallback presentation compiler.
2026.04.25 14:22:51 INFO  no build target found for C:\Users\Jherson Silva\complytools-assistant\backend\complytools-assistant\src\main\java\com\complytools\controller\SourceController.java. Using fallback presentation compiler.
2026.04.25 14:22:51 INFO  no build target found for C:\Users\Jherson Silva\complytools-assistant\backend\complytools-assistant\src\main\java\com\complytools\controller\SourceController.java. Using fallback presentation compiler.
2026.04.25 14:22:51 INFO  no build target found for C:\Users\Jherson Silva\complytools-assistant\backend\complytools-assistant\src\main\java\com\complytools\controller\SourceController.java. Using fallback presentation compiler.
2026.04.25 14:22:52 INFO  no build target found for C:\Users\Jherson Silva\complytools-assistant\backend\complytools-assistant\src\main\java\com\complytools\controller\SourceController.java. Using fallback presentation compiler.
2026.04.25 14:22:55 WARN  no build target for: C:\Users\Jherson Silva\complytools-assistant\backend\complytools-assistant\src\main\java\com\complytools\service\SourceService.java
2026.04.25 14:22:55 INFO  no build target found for C:\Users\Jherson Silva\complytools-assistant\backend\complytools-assistant\src\main\java\com\complytools\service\SourceService.java. Using fallback presentation compiler.
2026.04.25 14:22:55 INFO  no build target found for C:\Users\Jherson Silva\complytools-assistant\backend\complytools-assistant\src\main\java\com\complytools\service\SourceService.java. Using fallback presentation compiler.
2026.04.25 14:22:55 INFO  no build target found for C:\Users\Jherson Silva\complytools-assistant\backend\complytools-assistant\src\main\java\com\complytools\service\SourceService.java. Using fallback presentation compiler.
2026.04.25 14:22:55 INFO  no build target found for C:\Users\Jherson Silva\complytools-assistant\backend\complytools-assistant\src\main\java\com\complytools\service\SourceService.java. Using fallback presentation compiler.
2026.04.25 14:22:55 INFO  no build target found for C:\Users\Jherson Silva\complytools-assistant\backend\complytools-assistant\src\main\java\com\complytools\service\SourceService.java. Using fallback presentation compiler.
abr 25, 2026 2:22:55 P. M. org.eclipse.lsp4j.jsonrpc.RemoteEndpoint handleCancellation
WARNING: Unmatched cancel notification for request id 48
2026.04.25 14:22:55 INFO  no build target found for C:\Users\Jherson Silva\complytools-assistant\backend\complytools-assistant\src\main\java\com\complytools\service\SourceService.java. Using fallback presentation compiler.
2026.04.25 14:22:56 WARN  Running javac-semanticdb failed for file:///C:/Users/Jherson%20Silva/complytools-assistant/backend/complytools-assistant/src/main/java/com/complytools/service/SourceService.java. Output:

2026.04.25 14:22:55 INFO  no build target found for C:\Users\Jherson Silva\complytools-assistant\backend\complytools-assistant\src\main\java\com\complytools\service\SourceService.java. Using fallback presentation compiler.
2026.04.25 14:22:56 INFO  no build target found for C:\Users\Jherson Silva\complytools-assistant\backend\complytools-assistant\src\main\java\com\complytools\service\SourceService.java. Using fallback presentation compiler.
2026.04.25 14:22:57 INFO  no build target found for C:\Users\Jherson Silva\complytools-assistant\backend\complytools-assistant\src\main\java\com\complytools\service\SourceService.java. Using fallback presentation compiler.
2026.04.25 14:22:58 INFO  no build target found for C:\Users\Jherson Silva\complytools-assistant\backend\complytools-assistant\src\main\java\com\complytools\service\SourceService.java. Using fallback presentation compiler.
2026.04.25 14:22:59 INFO  no build target found for C:\Users\Jherson Silva\complytools-assistant\backend\complytools-assistant\src\main\java\com\complytools\service\SourceService.java. Using fallback presentation compiler.
2026.04.25 14:22:59 INFO  no build target found for C:\Users\Jherson Silva\complytools-assistant\backend\complytools-assistant\src\main\java\com\complytools\model\Source.java. Using fallback presentation compiler.
2026.04.25 14:23:02 INFO  no build target found for C:\Users\Jherson Silva\complytools-assistant\backend\complytools-assistant\src\main\java\com\complytools\service\SourceService.java. Using fallback presentation compiler.
2026.04.25 14:23:03 INFO  no build target found for C:\Users\Jherson Silva\complytools-assistant\backend\complytools-assistant\src\main\java\com\complytools\model\User.java. Using fallback presentation compiler.
2026.04.25 14:25:39 INFO  no build target found for C:\Users\Jherson Silva\complytools-assistant\backend\complytools-assistant\src\main\java\com\complytools\model\User.java. Using fallback presentation compiler.
2026.04.25 14:25:39 INFO  no build target found for C:\Users\Jherson Silva\complytools-assistant\backend\complytools-assistant\src\main\java\com\complytools\model\Source.java. Using fallback presentation compiler.
2026.04.25 14:25:50 INFO  no build target found for C:\Users\Jherson Silva\complytools-assistant\backend\complytools-assistant\src\main\java\com\complytools\controller\SourceController.java. Using fallback presentation compiler.
2026.04.25 14:25:55 INFO  no build target found for C:\Users\Jherson Silva\complytools-assistant\backend\complytools-assistant\src\main\java\com\complytools\service\SourceService.java. Using fallback presentation compiler.
2026.04.25 14:57:18 INFO  Shutting down server
2026.04.25 14:57:18 INFO  Memory monitor stopped
2026.04.25 14:57:18 INFO  shutting down Metals
2026.04.25 14:57:18 INFO  Exiting server
